Draw,Date,Win_1,Win_2,Win_3,Win_4,Win_5,Win_6,Addl No.,From Last,Sum,Average,Low/High,Odd/Even,1-10,11-20,21-30,31-40,41-50
4151,2026-01-26,10,11,13,26,32,39,44,32 / 44,131,22,3 / 3,3 / 3,1,2,1,2,0
4150,2026-01-22,6,22,27,32,37,44,19,,168,28,2 / 4,2 / 4,1,0,2,2,1
4149,2026-01-19,4,11,21,23,31,35,48,35,125,21,4 / 2,5 / 1,1,1,2,2,0
4148,2026-01-15,16,32,34,35,36,41,14,16 / 35,194,32,1 / 5,2 / 4,0,1,0,4,1
4147,2026-01-12,1,9,16,18,35,43,12,,122,20,4 / 2,4 / 2,2,2,0,1,1
4146,2026-01-08,3,14,15,17,25,27,31,,101,17,4 / 2,5 / 1,1,3,2,0,0
4145,2026-01-05,5,20,35,39,40,49,27,20 / 39,188,31,2 / 4,4 / 2,1,1,0,3,1
4144,2026-01-02,11,18,20,32,38,39,34,,158,26,3 / 3,2 / 4,0,3,0,3,0
4143,2025-12-29,2,4,22,24,30,33,49,,115,19,4 / 2,1 / 5,2,0,3,1,0
4142,2025-12-25,3,8,15,28,37,43,49,,134,22,3 / 3,4 / 2,2,1,1,1,1
4141,2025-12-22,4,5,13,22,24,30,36,30,98,16,5 / 1,2 / 4,2,1,3,0,0
4140,2025-12-18,2,14,15,30,31,43,27,,135,23,3 / 3,3 / 3,1,2,1,1,1
4139,2025-12-15,17,21,22,35,37,42,9,,174,29,3 / 3,4 / 2,0,1,2,2,1
4138,2025-12-11,6,11,20,28,33,43,16,,141,24,3 / 3,3 / 3,1,2,1,1,1
4137,2025-12-08,9,12,15,23,27,47,45,,133,22,4 / 2,5 / 1,1,2,2,0,1
4136,2025-12-04,1,5,24,36,41,46,39,24,153,26,3 / 3,3 / 3,2,0,1,1,2
4135,2025-12-01,2,10,24,35,45,49,37,,165,28,3 / 3,3 / 3,2,0,1,1,2
4134,2025-11-27,6,8,17,28,32,46,16,8,137,23,3 / 3,1 / 5,2,1,1,1,1
4133,2025-11-24,8,25,27,34,45,47,19,47,186,31,1 / 5,4 / 2,1,0,2,1,2
4132,2025-11-20,11,13,22,31,47,49,39,,173,29,3 / 3,5 / 1,0,2,1,1,2
4131,2025-11-17,3,9,12,18,19,34,24,18 / 34,95,16,5 / 1,3 / 3,2,3,0,1,0
4130,2025-11-13,6,13,18,22,34,35,40,,128,21,4 / 2,2 / 4,1,2,1,2,0
4129,2025-11-10,2,11,12,19,25,36,16,,105,18,4 / 2,3 / 3,1,3,1,1,0
4128,2025-11-06,3,20,24,29,32,44,46,,152,25,3 / 3,2 / 4,1,1,2,1,1
4127,2025-11-03,10,19,22,34,39,43,35,34,167,28,3 / 3,3 / 3,1,1,1,2,1
4126,2025-10-30,1,5,31,34,38,45,21,38,154,26,2 / 4,4 / 2,2,0,0,3,1
4125,2025-10-27,4,12,14,24,36,38,17,14 / 38,128,21,4 / 2,0 / 6,1,2,1,2,0
4124,2025-10-23,7,14,17,18,31,38,46,,125,21,4 / 2,3 / 3,1,3,0,2,0
4123,2025-10-20,3,10,13,15,32,37,8,,110,18,4 / 2,4 / 2,2,2,0,2,0
4122,2025-10-16,2,4,8,19,35,39,7,,107,18,4 / 2,3 / 3,3,1,0,2,0
4121,2025-10-13,5,31,33,34,38,46,39,31,187,31,1 / 5,3 / 3,1,0,0,4,1
4120,2025-10-09,13,14,19,22,31,42,41,22 / 31 / 42,141,24,4 / 2,3 / 3,0,3,1,1,1
4119,2025-10-06,10,15,22,31,42,48,4,22,168,28,3 / 3,2 / 4,1,1,1,1,2
4118,2025-10-02,19,22,26,37,40,46,14,22,190,32,2 / 4,2 / 4,0,1,2,2,1
4117,2025-09-29,15,16,22,34,35,43,26,,165,28,3 / 3,3 / 3,0,2,1,2,1
4116,2025-09-25,1,6,9,11,29,36,12,,92,15,4 / 2,4 / 2,3,1,1,1,0
4115,2025-09-22,8,15,22,24,43,47,44,8,159,27,4 / 2,3 / 3,1,1,2,0,2
4114,2025-09-18,6,8,9,20,45,49,21,,137,23,4 / 2,3 / 3,3,1,0,0,2
4113,2025-09-15,10,19,25,29,33,37,24,19,153,26,2 / 4,5 / 1,1,1,2,2,0
4112,2025-09-11,2,15,19,35,41,48,33,,160,27,3 / 3,4 / 2,1,2,0,1,2
4111,2025-09-08,1,3,33,38,39,42,31,38,156,26,2 / 4,4 / 2,2,0,0,3,1
4110,2025-09-04,8,12,21,38,40,43,25,8,162,27,3 / 3,2 / 4,1,1,1,2,1
4109,2025-09-01,3,4,8,13,14,17,20,,59,10,6 / 0,3 / 3,3,3,0,0,0
4108,2025-08-28,10,11,16,24,34,35,1,16,130,22,4 / 2,2 / 4,1,2,1,2,0
4107,2025-08-25,2,3,4,16,22,39,48,4 / 22,86,14,5 / 1,2 / 4,3,1,1,1,0
4106,2025-08-21,4,13,22,36,38,46,12,4,159,27,3 / 3,1 / 5,1,1,1,2,1
4105,2025-08-18,1,4,18,24,37,42,26,,126,21,4 / 2,2 / 4,2,1,1,1,1
4104,2025-08-14,22,25,29,31,34,43,11,31 / 34 / 43,184,31,1 / 5,4 / 2,0,0,3,2,1
4103,2025-08-11,9,24,31,34,43,44,1,44,185,31,2 / 4,3 / 3,1,0,1,2,2
4102,2025-08-08,2,15,28,39,42,44,5,,170,28,2 / 4,2 / 4,1,1,1,1,2
4101,2025-08-04,30,32,40,43,45,49,5,,239,40,0 / 6,3 / 3,0,0,1,2,3
4100,2025-07-31,7,19,20,21,22,29,37,21,118,20,5 / 1,4 / 2,1,2,3,0,0
4099,2025-07-28,2,14,16,21,36,47,1,,136,23,4 / 2,2 / 4,1,2,1,1,1
4098,2025-07-24,9,11,24,32,39,49,26,,164,27,3 / 3,4 / 2,1,1,1,2,1
4097,2025-07-21,2,5,10,12,14,37,17,,80,13,5 / 1,2 / 4,3,2,0,1,0
4096,2025-07-17,7,8,17,29,32,42,1,8 / 29,135,23,3 / 3,3 / 3,2,1,1,1,1
4095,2025-07-14,2,8,19,29,38,41,20,,137,23,3 / 3,3 / 3,2,1,1,1,1
4094,2025-07-10,12,21,26,27,35,44,10,,165,28,2 / 4,3 / 3,0,1,3,1,1
4093,2025-07-07,10,15,17,33,36,45,34,15 / 17,156,26,3 / 3,4 / 2,1,2,0,2,1
4092,2025-07-03,6,15,16,17,25,34,31,34,113,19,4 / 2,3 / 3,1,3,1,1,0
4091,2025-06-30,11,27,31,33,34,36,13,,172,29,1 / 5,4 / 2,0,1,1,4,0
4090,2025-06-26,10,26,28,35,37,46,20,37,182,30,1 / 5,2 / 4,1,0,2,2,1
4089,2025-06-23,2,15,29,37,45,49,24,37 / 45,177,30,2 / 4,5 / 1,1,1,1,1,2
4088,2025-06-19,1,10,37,40,45,47,19,,180,30,2 / 4,4 / 2,2,0,0,2,2
4087,2025-06-16,5,18,27,32,48,49,21,49,179,30,2 / 4,3 / 3,1,1,1,1,2
4086,2025-06-12,3,7,38,41,44,49,20,7,182,30,2 / 4,4 / 2,2,0,0,1,3
4085,2025-06-09,7,10,11,21,32,48,27,,129,22,4 / 2,3 / 3,2,1,1,1,1
4084,2025-06-05,2,5,25,26,29,30,42,,117,20,2 / 4,3 / 3,2,0,4,0,0
4083,2025-06-02,10,19,21,22,28,31,34,19,131,22,4 / 2,3 / 3,1,1,3,1,0
4082,2025-05-29,1,5,7,11,19,47,44,5,90,15,5 / 1,6 / 0,3,2,0,0,1
4081,2025-05-26,5,9,15,28,46,48,8,48,151,25,3 / 3,3 / 3,2,1,1,0,2
4080,2025-05-22,3,10,32,34,44,48,29,,171,29,2 / 4,1 / 5,2,0,0,2,2
4079,2025-05-19,2,15,17,18,39,45,26,17,136,23,4 / 2,4 / 2,1,3,0,1,1
4078,2025-05-15,9,16,17,20,34,38,18,16 / 20,134,22,4 / 2,2 / 4,1,3,0,2,0
4077,2025-05-12,6,16,20,23,40,48,45,,153,26,4 / 2,1 / 5,1,2,1,1,1
4076,2025-05-08,9,13,17,39,46,47,22,,171,29,3 / 3,5 / 1,1,2,0,1,2
4075,2025-05-05,5,8,28,38,40,43,39,8,162,27,2 / 4,2 / 4,2,0,1,2,1
4074,2025-05-01,2,8,12,30,35,49,38,8 / 12,136,23,3 / 3,2 / 4,2,1,1,1,1
4073,2025-04-28,3,8,12,18,24,41,11,,106,18,5 / 1,2 / 4,2,2,1,0,1
4072,2025-04-24,17,19,21,23,30,40,33,17 / 30,150,25,4 / 2,4 / 2,0,2,3,1,0
4071,2025-04-21,1,17,30,37,41,43,32,17,169,28,2 / 4,5 / 1,1,1,1,1,2
4070,2025-04-17,15,17,26,31,40,46,19,,175,29,2 / 4,3 / 3,0,2,1,2,1
4069,2025-04-14,6,14,29,30,35,42,25,14 / 30,156,26,2 / 4,2 / 4,1,1,2,1,1
4068,2025-04-10,14,26,27,30,46,48,10,,191,32,1 / 5,1 / 5,0,1,3,0,2
4067,2025-04-07,7,19,35,40,43,47,33,40,191,32,2 / 4,5 / 1,1,1,0,2,2
4066,2025-04-03,12,14,15,16,21,40,23,12,118,20,5 / 1,2 / 4,0,4,1,1,0
4065,2025-03-31,9,12,17,23,29,46,20,,136,23,4 / 2,4 / 2,1,2,2,0,1
4064,2025-03-27,21,22,27,35,40,42,3,,187,31,2 / 4,3 / 3,0,0,3,2,1
4063,2025-03-24,18,19,25,28,31,44,34,,165,28,2 / 4,3 / 3,0,2,2,1,1
4062,2025-03-20,9,10,11,13,23,42,20,42,108,18,5 / 1,4 / 2,2,2,1,0,1
4061,2025-03-17,7,30,39,42,43,48,33,42,209,35,1 / 5,3 / 3,1,0,1,1,3
4060,2025-03-13,16,26,34,36,42,49,41,42,203,34,1 / 5,1 / 5,0,1,1,2,2
4059,2025-03-10,5,7,32,38,42,47,27,38,171,29,2 / 4,3 / 3,2,0,0,2,2
4058,2025-03-06,19,33,35,38,46,49,39,49,220,37,1 / 5,4 / 2,0,1,0,3,2
4057,2025-03-03,4,16,24,25,43,49,46,,161,27,3 / 3,3 / 3,1,1,2,0,2
4056,2025-02-27,2,10,13,15,37,40,28,37,117,20,4 / 2,3 / 3,2,2,0,2,0
4055,2025-02-24,24,37,38,42,48,49,31,37 / 42,238,40,1 / 5,2 / 4,0,0,1,2,3
4054,2025-02-20,3,25,31,37,39,42,21,39 / 42,177,30,1 / 5,5 / 1,1,0,1,3,1
4053,2025-02-17,1,16,23,39,41,42,9,,162,27,3 / 3,4 / 2,1,1,1,1,2
4052,2025-02-13,5,8,13,28,30,49,17,,133,22,3 / 3,3 / 3,2,1,2,0,1
4051,2025-02-10,1,3,7,18,34,39,46,18,102,17,4 / 2,4 / 2,3,1,0,2,0
4050,2025-02-07,16,18,22,23,28,35,32,,142,24,4 / 2,2 / 4,0,2,3,1,0
4049,2025-02-03,1,12,29,31,41,48,25,,162,27,2 / 4,4 / 2,1,1,1,1,2
4048,2025-01-30,2,9,13,24,26,43,49,26 / 43,117,20,4 / 2,3 / 3,2,1,2,0,1
4047,2025-01-27,7,16,22,26,33,43,44,43,147,25,3 / 3,3 / 3,1,1,2,1,1
4046,2025-01-24,9,10,18,35,43,49,42,49,164,27,3 / 3,4 / 2,2,1,0,1,2
4045,2025-01-20,3,5,6,16,32,49,4,6,111,19,4 / 2,3 / 3,3,1,0,1,1
4044,2025-01-16,6,13,18,27,35,46,48,13 / 35,145,24,3 / 3,3 / 3,1,2,1,1,1
4043,2025-01-13,3,7,11,13,34,35,17,13 / 34,103,17,4 / 2,5 / 1,2,2,0,2,0
4042,2025-01-09,13,32,34,36,38,40,37,13,193,32,1 / 5,1 / 5,0,1,0,5,0
4041,2025-01-06,6,10,13,27,41,49,4,,146,24,3 / 3,4 / 2,2,1,1,0,2
4040,2025-01-03,9,11,24,29,39,46,31,29 / 46,158,26,3 / 3,4 / 2,1,1,2,1,1
4039,2024-12-30,3,10,13,29,32,46,18,,133,22,3 / 3,3 / 3,2,1,1,1,1
4038,2024-12-26,8,21,30,35,44,49,39,44,187,31,2 / 4,3 / 3,1,0,2,1,2
4037,2024-12-23,34,40,42,44,45,46,19,,251,42,0 / 6,1 / 5,0,0,0,2,4
4036,2024-12-19,3,9,10,20,23,32,42,,97,16,5 / 1,3 / 3,3,1,1,1,0
4035,2024-12-16,13,19,22,26,40,49,45,19,169,28,3 / 3,3 / 3,0,2,2,1,1
4034,2024-12-12,17,18,19,31,32,33,8,,150,25,3 / 3,4 / 2,0,3,0,3,0
4033,2024-12-09,1,4,8,10,16,46,23,8,85,14,5 / 1,1 / 5,4,1,0,0,1
4032,2024-12-05,8,14,15,20,31,49,13,49,137,23,4 / 2,3 / 3,1,3,0,1,1
4031,2024-12-02,10,11,12,21,41,49,44,,144,24,4 / 2,4 / 2,1,2,1,0,2
4030,2024-11-28,1,2,4,15,18,24,35,,64,11,6 / 0,2 / 4,3,2,1,0,0
4029,2024-11-25,26,28,31,38,41,42,23,28,206,34,0 / 6,2 / 4,0,0,2,2,2
4028,2024-11-21,4,7,11,14,21,28,36,14,85,14,5 / 1,3 / 3,2,2,2,0,0
4027,2024-11-18,1,2,14,36,44,46,20,36,143,24,3 / 3,1 / 5,2,1,0,1,2
4026,2024-11-14,12,16,29,36,39,40,37,39,172,29,2 / 4,2 / 4,0,2,1,3,0
4025,2024-11-11,13,28,39,43,46,48,30,,217,36,1 / 5,3 / 3,0,1,1,1,3
4024,2024-11-07,4,12,17,18,23,34,28,18,108,18,5 / 1,2 / 4,1,3,1,1,0
4023,2024-11-04,14,18,25,28,29,44,36,18,158,26,2 / 4,2 / 4,0,2,3,0,1
4022,2024-10-31,2,6,10,17,18,49,35,10,102,17,5 / 1,2 / 4,3,2,0,0,1
4021,2024-10-28,10,16,33,37,45,47,6,37 / 47,188,31,2 / 4,4 / 2,1,1,0,2,2
4020,2024-10-24,20,24,28,37,46,47,36,46,202,34,2 / 4,2 / 4,0,1,2,1,2
4019,2024-10-21,4,13,19,44,46,49,31,4,175,29,3 / 3,3 / 3,1,2,0,0,3
4018,2024-10-17,2,4,10,25,36,38,22,,115,19,3 / 3,1 / 5,3,0,1,2,0
4017,2024-10-14,12,33,39,42,43,48,10,39,217,36,1 / 5,3 / 3,0,1,0,2,3
4016,2024-10-10,1,17,24,25,27,39,30,,133,22,3 / 3,5 / 1,1,1,3,1,0
4015,2024-10-07,16,22,23,31,41,49,8,,182,30,3 / 3,4 / 2,0,1,2,1,2
4014,2024-10-03,2,9,15,17,40,48,28,40,131,22,4 / 2,3 / 3,2,2,0,1,1
4013,2024-09-30,4,33,34,38,40,43,15,38 / 40,192,32,1 / 5,2 / 4,1,0,0,4,1
4012,2024-09-26,17,23,26,31,38,40,14,,175,29,2 / 4,3 / 3,0,1,2,3,0
4011,2024-09-23,9,20,22,32,37,47,1,22 / 37,167,28,3 / 3,3 / 3,1,1,1,2,1
4010,2024-09-19,7,13,17,22,31,37,1,,127,21,4 / 2,5 / 1,1,2,1,2,0
4009,2024-09-16,2,8,15,19,33,38,21,,115,19,4 / 2,3 / 3,2,2,0,2,0
4008,2024-09-12,5,6,14,36,45,49,12,,155,26,3 / 3,3 / 3,2,1,0,1,2
4007,2024-09-09,1,4,10,16,18,29,6,1,78,13,5 / 1,2 / 4,3,2,1,0,0
4006,2024-09-05,1,13,27,38,40,43,2,13,162,27,2 / 4,4 / 2,1,1,1,2,1
4005,2024-09-02,6,7,13,30,37,39,16,,132,22,3 / 3,4 / 2,2,1,1,2,0
4004,2024-08-29,3,9,10,12,27,41,29,,102,17,4 / 2,4 / 2,3,1,1,0,1
4003,2024-08-26,6,8,18,34,35,37,33,8,138,23,3 / 3,2 / 4,2,1,0,3,0
4002,2024-08-22,2,5,8,43,45,48,41,2,151,25,3 / 3,3 / 3,3,0,0,0,3
4001,2024-08-19,2,3,16,26,29,41,12,,117,20,3 / 3,3 / 3,2,1,2,0,1
4000,2024-08-15,15,24,35,36,42,46,48,,198,33,2 / 4,2 / 4,0,1,1,2,2
3999,2024-08-12,2,8,27,33,34,43,11,,147,25,2 / 4,3 / 3,2,0,1,2,1
3998,2024-08-08,23,26,32,36,41,49,31,,207,35,1 / 5,3 / 3,0,0,2,2,2
3997,2024-08-05,1,12,15,30,42,43,22,42,143,24,3 / 3,3 / 3,1,2,1,0,2
3996,2024-08-02,14,16,22,23,36,42,21,,153,26,4 / 2,1 / 5,0,2,2,1,1
3995,2024-07-29,19,24,29,30,31,46,28,,179,30,2 / 4,3 / 3,0,1,3,1,1
3994,2024-07-25,14,21,34,35,43,49,33,,196,33,2 / 4,4 / 2,0,1,1,2,2
3993,2024-07-22,4,9,12,15,37,47,44,12,124,21,4 / 2,4 / 2,2,2,0,1,1
3992,2024-07-18,8,10,11,12,14,20,38,,75,13,6 / 0,1 / 5,2,4,0,0,0
3991,2024-07-15,4,6,17,32,37,41,10,17 / 32,137,23,3 / 3,3 / 3,2,1,0,2,1
3990,2024-07-11,15,17,22,32,34,40,6,15 / 34,160,27,3 / 3,2 / 4,0,2,1,3,0
3989,2024-07-08,15,18,29,34,38,44,35,15 / 44,178,30,2 / 4,2 / 4,0,2,1,2,1
3988,2024-07-04,4,9,12,15,31,44,33,,115,19,4 / 2,3 / 3,2,2,0,1,1
3987,2024-07-01,11,19,21,26,28,33,39,11,138,23,3 / 3,4 / 2,0,2,3,1,0
3986,2024-06-27,1,8,11,14,17,30,5,30,81,14,5 / 1,3 / 3,2,3,1,0,0
3985,2024-06-24,20,23,28,30,34,49,25,30,184,31,2 / 4,2 / 4,0,1,3,1,1
3984,2024-06-20,3,12,14,16,17,30,27,12 / 16 / 17 / 30,92,15,5 / 1,2 / 4,1,4,1,0,0
3983,2024-06-17,8,10,12,16,17,30,19,10 / 17 / 30,93,16,5 / 1,1 / 5,2,3,1,0,0
3982,2024-06-13,4,7,10,17,30,41,21,10,109,18,4 / 2,3 / 3,3,1,1,0,1
3981,2024-06-10,1,10,13,23,31,34,43,10,112,19,4 / 2,4 / 2,2,1,1,2,0
3980,2024-06-06,4,5,10,14,35,43,12,,111,19,4 / 2,3 / 3,3,1,0,1,1
3979,2024-06-03,1,28,30,32,33,39,11,28,163,27,1 / 5,3 / 3,1,0,2,3,0
3978,2024-05-30,6,9,11,17,28,45,21,28,116,19,4 / 2,4 / 2,2,2,1,0,1
3977,2024-05-27,14,23,28,34,41,48,17,,188,31,2 / 4,2 / 4,0,1,2,1,2
3976,2024-05-23,3,4,22,27,39,43,6,39,138,23,3 / 3,4 / 2,2,0,2,1,1
3975,2024-05-20,7,10,32,33,39,48,37,48,169,28,2 / 4,3 / 3,2,0,0,3,1
3974,2024-05-16,2,12,15,28,35,48,24,2,140,23,3 / 3,2 / 4,1,2,1,1,1
3973,2024-05-13,2,16,17,22,24,49,42,49,130,22,5 / 1,2 / 4,1,2,2,0,1
3972,2024-05-09,9,15,20,26,43,49,36,9,162,27,3 / 3,4 / 2,1,2,1,0,2
3971,2024-05-06,1,5,9,31,33,37,36,5 / 31 / 37,116,19,3 / 3,6 / 0,3,0,0,3,0
3970,2024-05-02,4,5,31,37,43,46,7,31,166,28,2 / 4,4 / 2,2,0,0,2,2
3969,2024-04-29,2,7,12,31,36,45,30,36,133,22,3 / 3,3 / 3,2,1,0,2,1
3968,2024-04-25,5,9,11,18,28,36,35,11,107,18,4 / 2,3 / 3,2,2,1,1,0
3967,2024-04-22,6,8,11,16,33,37,23,37,111,19,4 / 2,3 / 3,2,2,0,2,0
3966,2024-04-18,18,22,29,32,37,47,49,,185,31,2 / 4,3 / 3,0,1,2,2,1
3965,2024-04-15,5,10,28,36,41,42,19,28,162,27,2 / 4,2 / 4,2,0,1,1,2
3964,2024-04-11,22,28,33,40,43,47,16,43,213,36,1 / 5,3 / 3,0,0,2,2,2
3963,2024-04-08,12,23,24,34,43,46,42,43,182,30,3 / 3,2 / 4,0,1,2,1,2
3962,2024-04-04,3,4,13,31,36,43,19,3,130,22,3 / 3,4 / 2,2,1,0,2,1
3961,2024-04-01,3,12,18,19,27,41,15,,120,20,4 / 2,4 / 2,1,3,1,0,1
3960,2024-03-28,6,8,13,17,26,37,18,,107,18,4 / 2,3 / 3,2,2,1,1,0
3959,2024-03-25,4,23,25,27,28,32,21,,139,23,2 / 4,3 / 3,1,0,4,1,0
3958,2024-03-21,6,8,18,19,33,44,15,6,128,21,4 / 2,2 / 4,2,2,0,1,1
3957,2024-03-18,1,4,6,15,30,48,45,,104,17,4 / 2,2 / 4,3,1,1,0,1
3956,2024-03-14,8,26,34,35,45,46,36,,194,32,1 / 5,2 / 4,1,0,1,2,2
3955,2024-03-11,5,9,30,37,40,49,33,5,170,28,2 / 4,4 / 2,2,0,1,2,1
3954,2024-03-07,5,11,15,20,31,47,44,,129,22,4 / 2,5 / 1,1,3,0,1,1
3953,2024-03-04,13,17,25,27,28,44,3,28 / 44,154,26,2 / 4,4 / 2,0,2,3,0,1
3952,2024-02-29,1,14,28,44,45,49,16,14,181,30,2 / 4,3 / 3,1,1,1,0,3
3951,2024-02-26,2,8,14,27,39,42,10,,132,22,3 / 3,2 / 4,2,1,1,1,1
3950,2024-02-23,18,21,26,35,38,43,40,21 / 35,181,30,2 / 4,3 / 3,0,1,2,2,1
3949,2024-02-19,1,10,21,29,35,42,27,35,138,23,3 / 3,4 / 2,2,0,2,1,1
3948,2024-02-15,15,18,22,35,41,48,5,,179,30,3 / 3,3 / 3,0,2,1,1,2
3947,2024-02-12,9,16,20,25,31,39,41,16 / 31,140,23,3 / 3,4 / 2,1,2,1,2,0
3946,2024-02-08,6,16,21,27,31,37,49,37,138,23,3 / 3,4 / 2,1,1,2,2,0
3945,2024-02-05,14,17,20,25,28,37,13,,141,24,3 / 3,3 / 3,0,3,2,1,0
3944,2024-02-02,2,27,29,36,44,48,12,,186,31,1 / 5,2 / 4,1,0,2,1,2
3943,2024-01-29,20,22,24,28,40,49,27,49,183,31,3 / 3,1 / 5,0,1,3,1,1
3942,2024-01-25,10,18,44,45,48,49,20,48,214,36,2 / 4,2 / 4,1,1,0,0,4
3941,2024-01-22,1,3,8,13,40,48,6,,113,19,4 / 2,3 / 3,3,1,0,1,1
3940,2024-01-18,5,28,30,37,38,41,43,28 / 30,179,30,1 / 5,3 / 3,1,0,2,2,1
3939,2024-01-15,24,25,26,28,30,35,4,,168,28,1 / 5,2 / 4,0,0,5,1,0
3938,2024-01-11,2,9,10,43,45,46,13,,155,26,3 / 3,3 / 3,3,0,0,0,3
3937,2024-01-08,11,20,28,30,36,38,37,20,163,27,2 / 4,1 / 5,0,2,2,2,0
3936,2024-01-05,7,12,17,20,31,35,22,,122,20,4 / 2,4 / 2,1,3,0,2,0
3935,2024-01-01,8,16,23,24,36,48,5,24,155,26,4 / 2,1 / 5,1,1,2,1,1
3934,2023-12-28,13,17,18,24,37,41,15,41,150,25,4 / 2,4 / 2,0,3,1,1,1
3933,2023-12-25,11,12,19,23,25,41,47,25,131,22,4 / 2,5 / 1,0,3,2,0,1
3932,2023-12-21,7,8,24,25,29,40,18,24,133,22,3 / 3,3 / 3,2,0,3,1,0
3931,2023-12-18,12,15,16,23,24,38,44,,128,21,5 / 1,2 / 4,0,3,2,1,0
3930,2023-12-14,22,32,34,39,40,42,5,22,209,35,1 / 5,1 / 5,0,0,1,4,1
3929,2023-12-11,9,12,21,22,44,47,31,44,155,26,4 / 2,3 / 3,1,1,2,0,2
3928,2023-12-07,10,16,25,29,42,44,48,,166,28,2 / 4,2 / 4,1,1,2,0,2
3927,2023-12-04,6,18,26,31,37,38,22,38,156,26,2 / 4,2 / 4,1,1,1,3,0
3926,2023-11-30,3,32,34,38,41,42,17,,190,32,1 / 5,2 / 4,1,0,0,3,2
3925,2023-11-27,16,19,20,26,33,40,23,,154,26,3 / 3,2 / 4,0,3,1,2,0
3924,2023-11-23,2,24,30,37,43,45,35,,181,30,2 / 4,3 / 3,1,0,2,1,2
3923,2023-11-20,12,13,18,22,25,28,47,13 / 28,118,20,4 / 2,2 / 4,0,3,3,0,0
3922,2023-11-16,10,13,15,28,29,37,22,10,132,22,3 / 3,4 / 2,1,2,2,1,0
3921,2023-11-13,6,10,16,24,27,43,31,,126,21,4 / 2,2 / 4,2,1,2,0,1
3920,2023-11-09,2,3,11,17,35,40,45,11,108,18,4 / 2,4 / 2,2,2,0,2,0
3919,2023-11-06,11,20,22,28,32,37,4,22,150,25,3 / 3,2 / 4,0,2,2,2,0
3918,2023-11-02,3,12,22,29,35,42,49,12,143,24,3 / 3,3 / 3,1,1,2,1,1
3917,2023-10-30,12,24,26,32,34,38,28,34,166,28,2 / 4,0 / 6,0,1,2,3,0
3916,2023-10-26,1,6,17,19,34,45,48,34,122,20,4 / 2,4 / 2,2,2,0,1,1
3915,2023-10-23,2,3,13,15,34,37,8,,104,17,4 / 2,4 / 2,2,2,0,2,0
3914,2023-10-19,1,7,16,20,35,41,6,,120,20,4 / 2,4 / 2,2,2,0,1,1
3913,2023-10-16,21,27,30,38,40,44,6,44,200,33,1 / 5,2 / 4,0,0,3,2,1
3912,2023-10-12,14,15,26,35,44,46,43,44,180,30,2 / 4,2 / 4,0,2,1,1,2
3911,2023-10-09,1,5,9,25,44,49,43,9,133,22,3 / 3,5 / 1,3,0,1,0,2
3910,2023-10-05,4,7,9,38,41,42,16,,141,24,3 / 3,3 / 3,3,0,0,1,2
3909,2023-10-02,2,10,12,13,45,48,11,13,130,22,4 / 2,2 / 4,2,2,0,0,2
3908,2023-09-28,3,13,23,28,37,38,9,3 / 23 / 28,142,24,3 / 3,4 / 2,1,1,2,2,0
3907,2023-09-25,3,14,19,23,28,43,25,28,130,22,4 / 2,4 / 2,1,2,2,0,1
3906,2023-09-21,2,8,28,31,48,49,37,49,166,28,2 / 4,2 / 4,2,0,1,1,2
3905,2023-09-18,4,7,27,32,37,49,44,37,156,26,2 / 4,4 / 2,2,0,1,2,1
3904,2023-09-14,14,18,24,26,37,45,28,,164,27,3 / 3,2 / 4,0,2,2,1,1
3903,2023-09-11,1,20,21,27,38,48,17,,155,26,3 / 3,3 / 3,1,1,2,1,1
3902,2023-09-07,17,19,24,26,31,46,37,,163,27,3 / 3,3 / 3,0,2,2,1,1
3901,2023-09-04,1,4,12,33,45,48,35,48,143,24,3 / 3,3 / 3,2,1,0,1,2
3900,2023-08-31,14,29,31,39,40,48,47,,201,34,1 / 5,3 / 3,0,1,1,3,1
3899,2023-08-28,1,3,7,12,15,32,34,1,70,12,5 / 1,4 / 2,3,2,0,1,0
3898,2023-08-24,1,13,26,34,37,41,9,1 / 41,152,25,2 / 4,4 / 2,1,1,1,2,1
3897,2023-08-21,1,18,21,28,31,41,11,,140,23,3 / 3,4 / 2,1,1,2,1,1
3896,2023-08-17,4,8,32,33,45,47,12,32,169,28,2 / 4,3 / 3,2,0,0,2,2
3895,2023-08-14,5,22,31,32,41,49,14,,180,30,2 / 4,4 / 2,1,0,1,2,2
3894,2023-08-10,3,6,16,29,37,45,12,,136,23,3 / 3,4 / 2,2,1,1,1,1
3893,2023-08-07,5,15,18,31,41,49,16,,159,27,3 / 3,5 / 1,1,2,0,1,2
3892,2023-08-04,19,25,27,28,29,48,34,29,176,29,1 / 5,4 / 2,0,1,4,0,1
3891,2023-07-31,2,23,29,35,39,45,6,,173,29,2 / 4,5 / 1,1,0,2,2,1
3890,2023-07-27,8,10,21,27,34,36,2,,136,23,3 / 3,2 / 4,2,0,2,2,0
3889,2023-07-24,1,5,18,20,38,44,45,20 / 44,126,21,4 / 2,2 / 4,2,2,0,1,1
3888,2023-07-20,10,20,26,39,44,46,3,39,185,31,2 / 4,1 / 5,1,1,1,1,2
3887,2023-07-17,18,25,27,32,35,39,48,,176,29,1 / 5,4 / 2,0,1,2,3,0
3886,2023-07-13,4,12,14,20,21,22,10,,93,16,6 / 0,1 / 5,1,3,2,0,0
3885,2023-07-10,2,8,30,33,39,41,24,,153,26,2 / 4,3 / 3,2,0,1,2,1
3884,2023-07-06,13,16,28,34,38,40,47,34 / 40,169,28,2 / 4,1 / 5,0,2,1,3,0
3883,2023-07-03,14,30,34,40,45,49,12,30,212,35,1 / 5,2 / 4,0,1,1,2,2
3882,2023-06-29,5,15,16,30,37,46,49,5,149,25,3 / 3,3 / 3,1,2,1,1,1
3881,2023-06-26,4,5,17,28,39,44,31,28,137,23,3 / 3,3 / 3,2,1,1,1,1
3880,2023-06-22,3,9,28,32,37,46,7,28 / 32 / 46,155,26,2 / 4,3 / 3,2,0,1,2,1
3879,2023-06-19,2,25,28,30,32,46,48,46,163,27,1 / 5,1 / 5,1,0,3,1,1
3878,2023-06-15,6,15,17,42,46,49,20,,175,29,3 / 3,3 / 3,1,2,0,0,3
3877,2023-06-12,2,22,28,33,34,36,7,,155,26,2 / 4,1 / 5,1,0,2,3,0
3876,2023-06-08,6,21,31,32,35,48,19,32,173,29,2 / 4,3 / 3,1,0,1,3,1
3875,2023-06-05,5,16,26,28,32,34,24,,141,24,2 / 4,1 / 5,1,1,2,2,0
3874,2023-06-01,7,15,33,40,45,49,5,,189,32,2 / 4,5 / 1,1,1,0,2,2
3873,2023-05-29,5,13,30,34,36,48,20,48,166,28,2 / 4,2 / 4,1,1,1,2,1
3872,2023-05-25,4,15,17,35,42,48,45,4,161,27,3 / 3,3 / 3,1,2,0,1,2
3871,2023-05-22,1,4,7,8,34,44,12,7,98,16,4 / 2,2 / 4,4,0,0,1,1
3870,2023-05-18,7,13,18,19,25,29,36,7,111,19,4 / 2,5 / 1,1,3,2,0,0
3869,2023-05-15,7,33,36,40,41,42,30,41,199,33,1 / 5,3 / 3,1,0,0,3,2
3868,2023-05-11,1,11,26,38,41,44,6,1 / 11,161,27,2 / 4,3 / 3,1,1,1,1,2
3867,2023-05-08,1,3,6,11,23,34,39,,78,13,5 / 1,4 / 2,3,1,1,1,0
3866,2023-05-04,16,21,25,28,37,44,24,,171,29,2 / 4,3 / 3,0,1,3,1,1
3865,2023-05-01,22,26,29,30,48,49,46,30 / 49,204,34,1 / 5,2 / 4,0,0,4,0,2
3864,2023-04-27,4,9,30,32,40,49,16,32 / 49,164,27,2 / 4,2 / 4,2,0,1,2,1
3863,2023-04-24,5,6,25,32,36,49,21,,153,26,2 / 4,3 / 3,2,0,1,2,1
3862,2023-04-20,11,14,21,30,37,40,20,11,153,26,3 / 3,3 / 3,0,2,2,2,0
3861,2023-04-17,9,11,17,22,31,43,34,11 / 31,133,22,4 / 2,5 / 1,1,2,1,1,1
3860,2023-04-13,11,21,30,31,33,38,24,38,164,27,2 / 4,4 / 2,0,1,2,3,0
3859,2023-04-10,8,10,12,25,32,38,20,,125,21,3 / 3,1 / 5,2,1,1,2,0
3858,2023-04-06,6,7,31,42,46,47,27,42,179,30,2 / 4,3 / 3,2,0,0,1,3
3857,2023-04-03,13,27,28,42,44,45,1,,199,33,1 / 5,3 / 3,0,1,2,0,3
3856,2023-03-30,12,26,34,39,41,49,16,,201,34,1 / 5,3 / 3,0,1,1,2,2
3855,2023-03-27,1,4,17,28,43,45,29,,138,23,3 / 3,4 / 2,2,1,1,0,2
3854,2023-03-23,14,21,26,29,37,40,7,,167,28,2 / 4,3 / 3,0,1,3,2,0
3853,2023-03-20,7,8,15,27,34,38,37,,129,22,3 / 3,3 / 3,2,1,1,2,0
3852,2023-03-16,4,14,30,33,37,42,22,,160,27,2 / 4,2 / 4,1,1,1,2,1
3851,2023-03-13,1,3,15,18,23,48,41,1,108,18,5 / 1,4 / 2,2,2,1,0,1
3850,2023-03-09,1,10,30,31,38,45,11,30 / 45,155,26,2 / 4,3 / 3,2,0,1,2,1
3849,2023-03-06,21,30,35,36,37,45,1,36,204,34,1 / 5,4 / 2,0,0,2,3,1
3848,2023-03-02,15,22,24,26,29,36,28,26,152,25,3 / 3,2 / 4,0,1,4,1,0
3847,2023-02-27,6,26,32,39,44,48,11,44,195,33,1 / 5,1 / 5,1,0,1,2,2
3846,2023-02-23,2,5,19,24,34,44,37,,128,21,4 / 2,2 / 4,2,1,1,1,1
3845,2023-02-20,4,9,21,22,25,41,18,,122,20,4 / 2,4 / 2,2,0,3,0,1
3844,2023-02-16,3,10,16,24,42,46,25,,141,24,4 / 2,1 / 5,2,1,1,0,2
3843,2023-02-13,5,12,23,28,31,39,37,,138,23,3 / 3,4 / 2,1,1,2,2,0
3842,2023-02-09,18,20,27,37,43,47,10,20,192,32,2 / 4,4 / 2,0,2,1,1,2
3841,2023-02-06,6,10,15,19,20,30,5,6,100,17,5 / 1,2 / 4,2,3,1,0,0
3840,2023-02-03,4,6,21,25,34,40,48,25,130,22,3 / 3,2 / 4,2,0,2,2,0
3839,2023-01-30,13,23,25,26,44,45,38,45,176,29,2 / 4,4 / 2,0,1,3,0,2
3838,2023-01-26,2,21,34,40,43,45,13,43,185,31,2 / 4,3 / 3,1,0,1,2,2
3837,2023-01-23,22,30,31,39,43,49,3,49,214,36,1 / 5,4 / 2,0,0,2,2,2
3836,2023-01-20,15,29,35,47,48,49,10,15,223,37,1 / 5,5 / 1,0,1,1,1,3
3835,2023-01-16,15,22,23,36,40,42,20,,178,30,3 / 3,2 / 4,0,1,2,2,1
3834,2023-01-12,2,6,8,28,31,37,48,,112,19,3 / 3,2 / 4,3,0,1,2,0
3833,2023-01-09,1,3,13,15,22,43,46,22,97,16,5 / 1,5 / 1,2,2,1,0,1
3832,2023-01-06,12,22,30,32,42,49,8,32,187,31,2 / 4,1 / 5,0,1,2,1,2
3831,2023-01-02,1,13,15,32,41,47,11,,149,25,3 / 3,5 / 1,1,2,0,1,2
3830,2022-12-29,12,18,25,28,30,36,48,,149,25,2 / 4,1 / 5,0,2,3,1,0
3829,2022-12-26,3,10,31,32,44,47,41,32,167,28,2 / 4,3 / 3,2,0,0,2,2
3828,2022-12-22,4,11,13,16,32,46,9,46,122,20,4 / 2,2 / 4,1,3,0,1,1
3827,2022-12-19,8,14,24,26,45,46,42,24,163,27,3 / 3,1 / 5,1,1,2,0,2
3826,2022-12-15,4,12,17,19,24,44,20,44,120,20,5 / 1,2 / 4,1,3,1,0,1
3825,2022-12-12,3,7,22,27,44,49,13,,152,25,3 / 3,4 / 2,2,0,2,0,2
3824,2022-12-08,1,6,21,35,37,46,33,6 / 35,146,24,3 / 3,4 / 2,2,0,1,2,1
3823,2022-12-05,5,6,7,25,28,35,8,,106,18,3 / 3,4 / 2,3,0,2,1,0
3822,2022-12-01,3,12,20,39,40,47,18,,161,27,3 / 3,3 / 3,1,2,0,2,1
3821,2022-11-28,7,16,17,28,37,48,14,,153,26,3 / 3,3 / 3,1,2,1,1,1
3820,2022-11-24,3,8,11,21,24,31,25,3 / 21,98,16,5 / 1,4 / 2,2,1,2,1,0
3819,2022-11-21,3,9,21,30,36,46,2,,145,24,3 / 3,3 / 3,2,0,2,1,1
3818,2022-11-17,1,10,16,23,38,49,25,,137,23,4 / 2,3 / 3,2,1,1,1,1
3817,2022-11-14,8,15,22,26,34,45,32,,150,25,3 / 3,2 / 4,1,1,2,1,1
3816,2022-11-10,10,23,28,35,39,46,6,10 / 39,181,30,2 / 4,3 / 3,1,0,2,2,1
3815,2022-11-07,10,14,33,37,39,45,28,,178,30,2 / 4,4 / 2,1,1,0,3,1
3814,2022-11-03,13,21,24,25,26,41,11,25,150,25,3 / 3,4 / 2,0,1,4,0,1
3813,2022-10-31,4,14,17,25,29,49,36,25,138,23,3 / 3,4 / 2,1,2,2,0,1
3812,2022-10-27,13,16,25,41,45,46,20,41,186,31,2 / 4,4 / 2,0,2,1,0,3
3811,2022-10-24,7,11,17,21,41,43,30,,140,23,4 / 2,6 / 0,1,2,1,0,2
3810,2022-10-20,2,9,19,27,33,37,21,,127,21,3 / 3,5 / 1,2,1,1,2,0
3809,2022-10-17,1,8,16,24,38,43,15,8,130,22,4 / 2,2 / 4,2,1,1,1,1
3808,2022-10-13,2,4,8,17,22,40,6,8,93,16,5 / 1,1 / 5,3,1,1,1,0
3807,2022-10-10,8,10,18,26,42,47,49,10 / 26,151,25,3 / 3,1 / 5,2,1,1,0,2
3806,2022-10-06,10,19,20,22,26,46,4,20,143,24,4 / 2,1 / 5,1,2,2,0,1
3805,2022-10-03,7,16,20,29,33,42,39,29,147,25,3 / 3,3 / 3,1,2,1,1,1
3804,2022-09-29,27,29,31,44,46,49,42,46,226,38,0 / 6,4 / 2,0,0,2,1,3
3803,2022-09-26,6,19,24,34,43,46,21,19 / 43,172,29,3 / 3,2 / 4,1,1,1,1,2
3802,2022-09-22,3,11,19,26,43,49,37,,151,25,3 / 3,5 / 1,1,2,1,0,2
3801,2022-09-19,1,5,14,23,40,45,16,45,128,21,4 / 2,4 / 2,2,1,1,1,1
3800,2022-09-15,13,15,27,29,38,45,40,15,167,28,2 / 4,5 / 1,0,2,2,1,1
3799,2022-09-12,8,15,21,22,39,43,44,8 / 22,148,25,4 / 2,4 / 2,1,1,2,1,1
3798,2022-09-08,1,8,11,12,22,46,35,,100,17,5 / 1,2 / 4,2,2,1,0,1
3797,2022-09-05,4,9,13,18,34,47,3,18,125,21,4 / 2,3 / 3,2,2,0,1,1
3796,2022-09-01,1,18,28,42,43,48,45,,180,30,2 / 4,2 / 4,1,1,1,0,3
3795,2022-08-29,4,8,9,15,22,31,13,,89,15,5 / 1,3 / 3,3,1,1,1,0
3794,2022-08-25,3,5,13,23,24,48,10,5 / 23,116,19,5 / 1,4 / 2,2,1,2,0,1
3793,2022-08-22,5,20,23,36,42,44,47,,170,28,3 / 3,2 / 4,1,1,1,1,2
3792,2022-08-18,2,4,12,18,28,43,38,,107,18,4 / 2,1 / 5,2,2,1,0,1
3791,2022-08-15,7,22,29,34,38,41,35,,171,29,2 / 4,3 / 3,1,0,2,2,1
3790,2022-08-11,10,12,16,18,32,44,22,,132,22,4 / 2,0 / 6,1,3,0,1,1
3789,2022-08-08,2,9,33,34,37,49,29,37,164,27,2 / 4,4 / 2,2,0,0,3,1
3788,2022-08-05,14,18,24,37,43,45,8,45,181,30,3 / 3,3 / 3,0,2,1,1,2
3787,2022-08-01,3,10,12,29,45,47,26,,146,24,3 / 3,4 / 2,2,1,1,0,2
3786,2022-07-28,1,2,25,33,36,40,7,2,137,23,2 / 4,3 / 3,2,0,1,3,0
3785,2022-07-25,2,6,29,30,31,44,40,31,142,24,2 / 4,2 / 4,2,0,2,1,1
3784,2022-07-21,4,15,31,42,43,47,39,43 / 47,182,30,2 / 4,4 / 2,1,1,0,1,3
3783,2022-07-18,3,20,36,41,43,47,9,36,190,32,2 / 4,4 / 2,1,1,0,1,3
3782,2022-07-14,8,10,15,36,39,44,9,,152,25,3 / 3,2 / 4,2,1,0,2,1
3781,2022-07-11,1,6,13,25,34,43,42,,122,20,3 / 3,4 / 2,2,1,1,1,1
3780,2022-07-07,16,17,20,33,39,49,7,,174,29,3 / 3,4 / 2,0,3,0,2,1
3779,2022-07-04,2,3,9,27,28,38,15,2 / 27,107,18,3 / 3,3 / 3,3,0,2,1,0
3778,2022-06-30,2,15,17,27,41,48,38,27,150,25,3 / 3,4 / 2,1,2,1,0,2
3777,2022-06-27,21,24,27,32,34,38,41,24 / 27 / 32 / 38,176,29,2 / 4,2 / 4,0,0,3,3,0
3776,2022-06-23,24,27,32,38,46,49,11,49,216,36,1 / 5,2 / 4,0,0,2,2,2
3775,2022-06-20,20,25,28,33,40,49,1,,195,33,1 / 5,3 / 3,0,1,2,2,1
3774,2022-06-16,2,7,16,18,24,45,36,16 / 45,112,19,5 / 1,2 / 4,2,2,1,0,1
3773,2022-06-13,3,5,12,16,30,45,49,16,111,19,4 / 2,3 / 3,2,2,1,0,1
3772,2022-06-09,7,14,15,16,17,38,44,,107,18,5 / 1,3 / 3,1,4,0,1,0
3771,2022-06-06,12,28,29,34,41,47,16,12 / 28,191,32,1 / 5,3 / 3,0,1,2,1,2
3770,2022-06-02,12,19,26,28,46,49,41,19,180,30,2 / 4,2 / 4,0,2,2,0,2
3769,2022-05-30,8,13,19,34,37,47,29,34,158,26,3 / 3,4 / 2,1,2,0,2,1
3768,2022-05-26,6,11,30,34,43,45,2,,169,28,2 / 4,3 / 3,1,1,1,1,2
3767,2022-05-23,7,10,16,21,27,35,22,21,116,19,4 / 2,4 / 2,2,1,2,1,0
3766,2022-05-19,5,8,13,20,21,46,31,21 / 46,113,19,5 / 1,3 / 3,2,2,1,0,1
3765,2022-05-16,21,22,40,41,42,46,9,41 / 46,212,35,2 / 4,2 / 4,0,0,2,1,3
3764,2022-05-12,15,20,36,38,41,46,10,15,196,33,2 / 4,2 / 4,0,2,0,2,2
3763,2022-05-09,5,12,15,21,30,39,6,39,122,20,4 / 2,4 / 2,1,2,2,1,0
3762,2022-05-05,7,13,35,39,41,45,1,35,180,30,2 / 4,6 / 0,1,1,0,2,2
3761,2022-05-02,12,14,23,32,35,38,13,,154,26,3 / 3,2 / 4,0,2,1,3,0
3760,2022-04-28,5,6,11,16,22,37,44,6 / 16,97,16,5 / 1,3 / 3,2,2,1,1,0
3759,2022-04-25,6,16,26,32,39,47,23,16 / 32,166,28,2 / 4,2 / 4,1,1,1,2,1
3758,2022-04-21,13,16,19,32,38,43,20,,161,27,3 / 3,3 / 3,0,3,0,2,1
3757,2022-04-18,12,20,33,39,42,48,49,,194,32,2 / 4,2 / 4,0,2,0,2,2
3756,2022-04-14,4,6,23,26,29,30,36,,118,20,3 / 3,2 / 4,2,0,4,0,0
3755,2022-04-11,2,12,18,27,36,49,6,,144,24,3 / 3,2 / 4,1,2,1,1,1
3754,2022-04-07,1,7,10,28,31,44,9,28 / 31,121,20,3 / 3,3 / 3,3,0,1,1,1
3753,2022-04-04,14,15,28,31,40,42,44,,170,28,2 / 4,2 / 4,0,2,1,2,1
3752,2022-03-31,1,4,10,22,24,45,47,10,106,18,5 / 1,2 / 4,3,0,2,0,1
3751,2022-03-28,5,9,10,12,39,44,14,12,119,20,4 / 2,3 / 3,3,1,0,1,1
3750,2022-03-24,3,12,15,22,34,45,2,22,131,22,4 / 2,3 / 3,1,2,1,1,1
3749,2022-03-21,1,20,22,23,24,31,2,,121,20,5 / 1,3 / 3,1,1,3,1,0
3748,2022-03-17,5,7,30,42,47,49,17,47 / 49,180,30,2 / 4,4 / 2,2,0,1,0,3
3747,2022-03-14,19,37,38,45,47,49,25,45,235,39,1 / 5,5 / 1,0,1,0,2,3
3746,2022-03-10,1,8,25,32,45,46,44,,157,26,2 / 4,3 / 3,2,0,1,1,2
3745,2022-03-07,19,22,24,28,29,42,40,24,164,27,3 / 3,2 / 4,0,1,4,0,1
3744,2022-03-03,8,13,24,30,40,44,45,,159,27,3 / 3,1 / 5,1,1,2,1,1
3743,2022-02-28,1,9,20,27,37,49,33,,143,24,3 / 3,5 / 1,2,1,1,1,1
3742,2022-02-24,4,11,15,25,41,48,14,,144,24,3 / 3,4 / 2,1,2,1,0,2
3741,2022-02-21,1,19,22,27,37,44,25,1 / 19 / 37,150,25,3 / 3,4 / 2,1,1,2,1,1
3740,2022-02-17,1,4,19,35,37,45,49,37,141,24,3 / 3,5 / 1,2,1,0,2,1
3739,2022-02-14,10,23,29,33,37,43,8,,175,29,2 / 4,5 / 1,1,0,2,2,1
3738,2022-02-11,9,13,14,16,18,28,10,28,98,16,5 / 1,2 / 4,1,4,1,0,0
3737,2022-02-07,1,11,17,28,32,35,44,28 / 32,124,21,3 / 3,4 / 2,1,2,1,2,0
3736,2022-02-03,15,28,31,32,44,49,18,,199,33,1 / 5,3 / 3,0,1,1,2,2
3735,2022-01-31,5,6,10,22,23,40,38,,106,18,5 / 1,2 / 4,3,0,2,1,0
3734,2022-01-27,7,21,27,30,32,34,39,32,151,25,2 / 4,3 / 3,1,0,3,2,0
3733,2022-01-24,1,8,10,31,32,38,39,38,120,20,3 / 3,2 / 4,3,0,0,3,0
3732,2022-01-21,2,4,11,13,28,38,49,4 / 13,96,16,4 / 2,2 / 4,2,2,1,1,0
3731,2022-01-17,4,13,26,31,33,35,29,26 / 35,142,24,2 / 4,4 / 2,1,1,1,3,0
3730,2022-01-13,3,6,18,20,26,35,34,,108,18,4 / 2,2 / 4,2,2,1,1,0
3729,2022-01-10,8,11,17,21,30,44,48,8 / 11 / 44,131,22,4 / 2,3 / 3,1,2,2,0,1
3728,2022-01-07,3,8,11,20,44,49,32,20,135,23,4 / 2,3 / 3,2,2,0,0,2
3727,2022-01-03,6,12,20,33,46,47,49,12,164,27,3 / 3,2 / 4,1,2,0,1,2
3726,2021-12-30,4,7,12,13,21,35,29,13,92,15,5 / 1,4 / 2,2,2,1,1,0
3725,2021-12-27,3,9,13,23,24,44,7,44,116,19,5 / 1,4 / 2,2,1,2,0,1
3724,2021-12-23,1,21,35,39,44,45,42,,185,31,2 / 4,5 / 1,1,0,1,2,2
3723,2021-12-20,4,5,16,18,24,34,27,,101,17,5 / 1,1 / 5,2,2,1,1,0
3722,2021-12-16,6,26,27,37,40,43,49,40,179,30,1 / 5,3 / 3,1,0,2,2,1
3721,2021-12-13,5,18,19,23,40,49,20,,154,26,4 / 2,4 / 2,1,2,1,1,1
3720,2021-12-09,1,17,30,31,42,43,46,42 / 43,164,27,2 / 4,4 / 2,1,1,1,1,2
3719,2021-12-06,7,16,33,37,42,43,48,,178,30,2 / 4,4 / 2,1,1,0,2,2
3718,2021-12-02,6,12,22,23,40,49,25,12,152,25,4 / 2,2 / 4,1,1,2,1,1
3717,2021-11-29,1,7,12,26,28,32,21,32,106,18,3 / 3,2 / 4,2,1,2,1,0
3716,2021-11-25,6,20,27,32,40,44,4,20,169,28,2 / 4,1 / 5,1,1,1,2,1
3715,2021-11-22,1,3,16,20,35,41,5,1,116,19,4 / 2,4 / 2,2,2,0,1,1
3714,2021-11-18,1,10,39,43,45,48,14,43 / 48,186,31,2 / 4,4 / 2,2,0,0,1,3
3713,2021-11-15,23,27,31,34,43,48,1,48,206,34,1 / 5,4 / 2,0,0,2,2,2
3712,2021-11-11,5,7,12,35,48,49,2,7 / 35,156,26,3 / 3,4 / 2,2,1,0,1,2
3711,2021-11-08,7,8,20,31,35,41,3,7,142,24,3 / 3,4 / 2,2,1,0,2,1
3710,2021-11-04,7,18,22,36,44,45,30,7 / 22,172,29,3 / 3,2 / 4,1,1,1,1,2
3709,2021-11-01,7,15,22,24,26,37,9,,131,22,4 / 2,3 / 3,1,1,3,1,0
3708,2021-10-28,3,20,27,34,35,46,37,,165,28,2 / 4,3 / 3,1,1,1,2,1
3707,2021-10-25,4,18,24,40,43,47,48,43,176,29,3 / 3,2 / 4,1,1,1,1,2
3706,2021-10-21,7,22,23,25,42,43,18,23,162,27,3 / 3,4 / 2,1,0,3,0,2
3705,2021-10-18,5,23,24,27,44,49,26,24,172,29,3 / 3,4 / 2,1,0,3,0,2
3704,2021-10-14,10,15,16,24,45,47,19,10,157,26,4 / 2,3 / 3,1,2,1,0,2
3703,2021-10-11,10,26,27,36,37,43,42,27,179,30,1 / 5,3 / 3,1,0,2,2,1
3702,2021-10-07,1,27,28,39,40,49,33,28 / 40,184,31,1 / 5,4 / 2,1,0,2,2,1
3701,2021-10-04,10,14,28,30,35,40,6,14 / 30,157,26,2 / 4,1 / 5,1,1,2,2,0
3700,2021-09-30,5,8,14,26,30,44,47,44,127,21,3 / 3,1 / 5,2,1,2,0,1
3699,2021-09-27,20,28,33,38,40,44,49,44,203,34,1 / 5,1 / 5,0,1,1,3,1
3698,2021-09-23,9,35,41,42,43,44,29,,214,36,1 / 5,4 / 2,1,0,0,1,4
3697,2021-09-20,3,6,10,16,33,49,1,10,117,20,4 / 2,3 / 3,3,1,0,1,1
3696,2021-09-16,9,10,15,30,38,48,2,,150,25,3 / 3,2 / 4,2,1,1,1,1
3695,2021-09-13,6,25,26,41,42,44,37,42,184,31,1 / 5,2 / 4,1,0,2,0,3
3694,2021-09-09,5,19,30,33,37,42,38,33,166,28,2 / 4,4 / 2,1,1,1,2,1
3693,2021-09-06,1,15,31,32,33,44,20,,156,26,2 / 4,4 / 2,1,1,0,3,1
3692,2021-09-02,3,4,6,10,19,42,34,19,84,14,5 / 1,2 / 4,4,1,0,0,1
3691,2021-08-30,19,23,24,27,36,37,17,24 / 37,166,28,3 / 3,4 / 2,0,1,3,2,0
3690,2021-08-26,5,18,24,37,38,49,35,5,171,29,3 / 3,3 / 3,1,1,1,2,1
3689,2021-08-23,5,17,26,27,31,48,4,,154,26,2 / 4,4 / 2,1,1,2,1,1
3688,2021-08-19,1,3,9,39,40,47,29,,139,23,3 / 3,5 / 1,3,0,0,2,1
3687,2021-08-16,10,21,28,31,37,38,6,,165,28,2 / 4,3 / 3,1,0,2,3,0
3686,2021-08-12,2,20,25,29,32,49,36,,157,26,2 / 4,3 / 3,1,1,2,1,1
3685,2021-08-09,15,24,33,34,36,40,18,,182,30,2 / 4,2 / 4,0,1,1,4,0
3684,2021-08-05,3,17,19,23,32,38,7,23,132,22,4 / 2,4 / 2,1,2,1,2,0
3683,2021-08-02,12,16,23,26,33,44,10,33,154,26,3 / 3,2 / 4,0,2,2,1,1
3682,2021-07-29,1,7,22,33,40,48,10,,151,25,3 / 3,3 / 3,2,0,1,2,1
3681,2021-07-26,3,8,30,34,39,46,44,,160,27,2 / 4,2 / 4,2,0,1,2,1
3680,2021-07-22,1,21,26,38,44,45,17,21 / 44,175,29,2 / 4,3 / 3,1,0,2,1,2
3679,2021-07-19,4,10,21,33,42,44,19,,154,26,3 / 3,2 / 4,2,0,1,1,2
3678,2021-07-15,3,5,9,14,23,26,20,23,80,13,5 / 1,4 / 2,3,1,2,0,0
3677,2021-07-12,18,19,23,24,38,45,27,23,167,28,4 / 2,3 / 3,0,2,2,1,1
3676,2021-07-08,7,9,15,20,23,40,2,20,114,19,5 / 1,4 / 2,2,2,1,1,0
3675,2021-07-05,8,14,20,28,29,36,18,,135,23,3 / 3,1 / 5,1,2,2,1,0
3674,2021-07-01,4,5,9,17,31,34,8,31,100,17,4 / 2,4 / 2,3,1,0,2,0
3673,2021-06-28,14,31,32,33,38,47,45,,195,33,1 / 5,3 / 3,0,1,0,4,1
3672,2021-06-24,1,12,17,21,24,44,23,17,119,20,5 / 1,3 / 3,1,2,2,0,1
3671,2021-06-21,7,8,10,14,17,28,45,,84,14,5 / 1,2 / 4,3,2,1,0,0
3670,2021-06-17,5,12,15,30,38,43,33,5,143,24,3 / 3,3 / 3,1,2,1,1,1
3669,2021-06-14,5,16,23,24,28,45,40,24,141,24,4 / 2,3 / 3,1,1,3,0,1
3668,2021-06-10,1,9,15,22,24,42,10,,113,19,5 / 1,3 / 3,2,1,2,0,1
3667,2021-06-07,7,14,23,31,39,41,33,7 / 39,155,26,3 / 3,5 / 1,1,1,1,2,1
3666,2021-06-03,1,7,21,26,30,39,40,30,124,21,3 / 3,4 / 2,2,0,3,1,0
3665,2021-05-31,14,15,18,19,30,44,6,,140,23,4 / 2,2 / 4,0,4,1,0,1
3664,2021-05-27,3,7,9,24,36,38,43,,117,20,4 / 2,3 / 3,3,0,1,2,0
3663,2021-05-24,11,18,23,31,32,33,49,18 / 32,148,25,3 / 3,4 / 2,0,2,1,3,0
3662,2021-05-20,7,12,18,29,32,37,44,,135,23,3 / 3,3 / 3,1,2,1,2,0
3661,2021-05-17,5,6,11,36,41,46,8,5,145,24,3 / 3,3 / 3,2,1,0,1,2
3660,2021-05-13,2,4,5,16,39,47,24,,113,19,4 / 2,3 / 3,3,1,0,1,1
3659,2021-05-10,6,18,32,33,34,45,8,6,168,28,2 / 4,2 / 4,1,1,0,3,1
3658,2021-05-06,4,6,12,20,31,35,47,35,108,18,4 / 2,2 / 4,2,2,0,2,0
3657,2021-05-03,15,17,18,35,41,42,3,,168,28,3 / 3,4 / 2,0,3,0,1,2
3656,2021-04-29,2,19,22,29,36,43,5,2 / 36,151,25,3 / 3,3 / 3,1,1,2,1,1
3655,2021-04-26,2,15,18,36,42,49,26,,162,27,3 / 3,2 / 4,1,2,0,1,2
3654,2021-04-22,3,17,22,32,38,48,41,17,160,27,3 / 3,2 / 4,1,1,1,2,1
3653,2021-04-19,8,10,16,17,20,43,32,10,114,19,5 / 1,2 / 4,2,3,0,0,1
3652,2021-04-15,10,14,23,25,35,46,39,23,153,26,3 / 3,3 / 3,1,1,2,1,1
3651,2021-04-12,4,23,27,43,48,49,47,,194,32,2 / 4,4 / 2,1,0,2,0,3
3650,2021-04-08,7,8,9,14,28,35,4,9,101,17,4 / 2,3 / 3,3,1,1,1,0
3649,2021-04-05,9,11,15,17,25,40,5,11 / 15,117,20,4 / 2,5 / 1,1,3,1,1,0
3648,2021-04-01,10,11,15,21,29,44,26,15,130,22,4 / 2,4 / 2,1,2,2,0,1
3647,2021-03-29,14,15,20,23,30,35,39,20,137,23,4 / 2,3 / 3,0,3,2,1,0
3646,2021-03-25,4,16,17,20,22,44,38,20 / 44,123,21,5 / 1,1 / 5,1,3,1,0,1
3645,2021-03-22,2,12,20,35,37,44,17,2 / 12,150,25,3 / 3,2 / 4,1,2,0,2,1
3644,2021-03-18,2,5,12,24,25,29,3,12,97,16,4 / 2,3 / 3,2,1,3,0,0
3643,2021-03-15,12,15,19,28,35,43,44,12 / 19,152,25,3 / 3,4 / 2,0,3,1,1,1
3642,2021-03-11,12,19,26,41,46,47,35,,191,32,2 / 4,3 / 3,0,2,1,0,3
3641,2021-03-08,8,13,17,27,33,40,38,,138,23,3 / 3,4 / 2,1,2,1,2,0
3640,2021-03-04,11,12,20,28,30,38,27,,139,23,3 / 3,1 / 5,0,3,2,1,0
3639,2021-03-01,5,6,7,13,25,37,30,,93,16,4 / 2,5 / 1,3,1,1,1,0
3638,2021-02-26,21,24,40,42,44,48,1,48,219,37,2 / 4,1 / 5,0,0,2,1,3
3637,2021-02-22,3,6,8,11,36,48,1,6,112,19,4 / 2,2 / 4,3,1,0,1,1
3636,2021-02-18,1,4,6,15,40,44,37,40,110,18,4 / 2,2 / 4,3,1,0,1,1
3635,2021-02-15,9,13,18,20,34,40,36,,134,22,4 / 2,2 / 4,1,3,0,2,0
3634,2021-02-11,10,23,25,28,46,49,36,10 / 25,181,30,2 / 4,3 / 3,1,0,3,0,2
3633,2021-02-08,9,10,25,27,34,42,29,9,147,25,2 / 4,3 / 3,2,0,2,1,1
3632,2021-02-05,8,9,11,24,26,47,34,9,125,21,4 / 2,3 / 3,2,1,2,0,1
3631,2021-02-01,4,6,9,18,27,39,33,6,103,17,4 / 2,3 / 3,3,1,1,1,0
3630,2021-01-28,6,16,25,32,35,37,22,,151,25,2 / 4,3 / 3,1,1,1,3,0
3629,2021-01-25,8,9,12,17,33,39,48,8 / 17,118,20,4 / 2,4 / 2,2,2,0,2,0
3628,2021-01-21,8,11,15,17,19,35,45,35,105,18,5 / 1,5 / 1,1,4,0,1,0
3627,2021-01-18,2,12,23,33,35,37,43,12 / 23,142,24,3 / 3,4 / 2,1,1,1,3,0
3626,2021-01-14,12,21,23,25,32,44,42,,157,26,3 / 3,3 / 3,0,1,3,1,1
3625,2021-01-11,3,5,8,19,26,47,41,,108,18,4 / 2,4 / 2,3,1,1,0,1
3624,2021-01-07,1,7,9,12,32,36,17,12,97,16,4 / 2,3 / 3,3,1,0,2,0
3623,2021-01-04,4,5,8,12,27,42,14,58,98,16,4 / 2,2 / 4,3,1,1,0,1
3622,2021-01-01,5,8,13,16,35,47,2,47,124,21,4 / 2,4 / 2,2,2,0,1,1
3621,2020-12-28,32,34,40,45,46,47,25,,244,41,0 / 6,2 / 4,0,0,0,3,3
3620,2020-12-24,5,11,19,21,22,37,26,,115,19,5 / 1,5 / 1,1,2,2,1,0
3619,2020-12-21,4,8,15,31,36,39,47,8,133,22,3 / 3,3 / 3,2,1,0,3,0
3618,2020-12-17,5,8,27,33,35,41,30,,149,25,2 / 4,5 / 1,2,0,1,2,1
3617,2020-12-14,6,21,29,45,47,48,15,,196,33,2 / 4,4 / 2,1,0,2,0,3
3616,2020-12-10,10,17,22,23,27,33,34,33,132,22,4 / 2,4 / 2,1,1,3,1,0
3615,2020-12-07,7,13,14,33,37,48,24,7,152,25,3 / 3,4 / 2,1,2,0,2,1
3614,2020-12-03,1,7,8,11,36,40,31,,103,17,4 / 2,3 / 3,3,1,0,2,0
3613,2020-11-30,2,3,25,33,35,49,10,2 / 35,147,25,2 / 4,5 / 1,2,0,1,2,1
3612,2020-11-26,2,5,8,27,35,48,29,,125,21,3 / 3,3 / 3,3,0,1,1,1
3611,2020-11-23,1,7,11,22,30,45,48,22,116,19,4 / 2,4 / 2,2,1,2,0,1
3610,2020-11-19,3,12,22,23,34,42,49,,136,23,4 / 2,2 / 4,1,1,2,1,1
3609,2020-11-16,1,2,20,27,36,44,17,,130,22,3 / 3,2 / 4,2,1,1,1,1
3608,2020-11-12,9,11,14,22,26,35,20,,117,20,4 / 2,3 / 3,1,2,2,1,0
3607,2020-11-09,8,12,13,30,37,46,36,,146,24,3 / 3,2 / 4,1,2,1,1,1
3606,2020-11-05,3,19,25,33,40,44,37,3 / 44,164,27,2 / 4,4 / 2,1,1,1,2,1
3605,2020-11-02,3,36,37,44,48,49,35,37,217,36,1 / 5,3 / 3,1,0,0,2,3
3604,2020-10-29,10,12,27,37,39,46,13,,171,29,2 / 4,3 / 3,1,1,1,2,1
3603,2020-10-26,2,8,11,19,41,49,27,11,130,22,4 / 2,4 / 2,2,2,0,0,2
3602,2020-10-22,11,25,28,30,34,36,24,11 / 25,164,27,1 / 5,2 / 4,0,1,3,2,0
3601,2020-10-19,9,10,11,13,20,25,15,,88,15,5 / 1,4 / 2,2,3,1,0,0
3600,2020-10-15,14,27,28,31,46,48,7,14 / 48,194,32,1 / 5,2 / 4,0,1,2,1,2
3599,2020-10-12,1,10,14,40,41,48,30,,154,26,3 / 3,2 / 4,2,1,0,1,2
3598,2020-10-08,2,3,7,12,21,34,41,7,79,13,5 / 1,3 / 3,3,1,1,1,0
3597,2020-10-05,7,10,14,15,39,44,1,7 / 10,129,22,4 / 2,3 / 3,2,2,0,1,1
3596,2020-10-01,7,10,11,21,26,48,13,,123,21,4 / 2,3 / 3,2,1,2,0,1
3595,2020-09-28,5,16,27,34,41,42,49,,165,28,2 / 4,3 / 3,1,1,1,1,2
3594,2020-09-24,4,31,36,40,45,48,26,,204,34,1 / 5,2 / 4,1,0,0,3,2
3593,2020-09-21,13,16,17,20,27,38,26,,131,22,4 / 2,3 / 3,0,4,1,1,0
3592,2020-09-17,1,3,9,19,36,39,5,,107,18,4 / 2,5 / 1,3,1,0,2,0
3591,2020-09-14,2,11,13,15,28,45,36,15,114,19,4 / 2,4 / 2,1,3,1,0,1
3590,2020-09-10,15,21,27,36,39,43,45,36,181,30,2 / 4,5 / 1,0,1,2,2,1
3589,2020-09-07,9,11,19,22,36,45,23,,142,24,4 / 2,4 / 2,1,2,1,1,1
3588,2020-09-03,4,16,27,32,44,47,9,16,170,28,2 / 4,2 / 4,1,1,1,1,2
3587,2020-08-31,12,15,16,23,25,46,47,,137,23,4 / 2,3 / 3,0,3,2,0,1
3586,2020-08-27,2,10,13,32,41,43,24,41,141,24,3 / 3,3 / 3,2,1,0,1,2
3585,2020-08-24,1,19,24,26,37,41,22,19 / 26,148,25,3 / 3,4 / 2,1,1,2,1,1
3584,2020-08-20,6,15,19,26,30,48,41,15 / 30,144,24,3 / 3,2 / 4,1,2,2,0,1
3583,2020-08-17,1,2,15,30,35,46,38,,129,22,3 / 3,3 / 3,2,1,1,1,1
3582,2020-08-13,5,9,29,41,42,43,28,9 / 29 / 43,169,28,2 / 4,5 / 1,2,0,1,0,3
3581,2020-08-10,9,19,20,29,36,43,38,43,156,26,3 / 3,4 / 2,1,2,1,1,1
3580,2020-08-06,10,28,35,39,41,43,44,10,196,33,1 / 5,4 / 2,1,0,1,2,2
3579,2020-08-03,1,3,10,15,32,40,7,,101,17,4 / 2,3 / 3,3,1,0,2,0
3578,2020-07-30,18,24,34,38,43,48,8,34,205,34,2 / 4,1 / 5,0,1,1,2,2
3577,2020-07-27,4,19,25,31,34,37,32,4,150,25,2 / 4,4 / 2,1,1,1,3,0
3576,2020-07-23,4,12,13,20,35,36,18,20,120,20,4 / 2,2 / 4,1,3,0,2,0
3575,2020-07-20,1,20,23,24,40,42,48,,150,25,4 / 2,2 / 4,1,1,2,1,1
3574,2020-07-16,5,18,27,28,29,37,21,37,144,24,2 / 4,4 / 2,1,1,3,1,0
3573,2020-07-13,6,22,34,35,37,43,33,,177,30,2 / 4,3 / 3,1,0,1,3,1
3572,2020-07-09,8,10,12,16,21,48,41,48,115,19,5 / 1,1 / 5,2,2,1,0,1
3571,2020-07-06,1,22,26,38,39,48,40,38 / 48,174,29,2 / 4,2 / 4,1,0,2,2,1
3570,2020-07-02,3,20,36,38,43,48,16,3 / 38,188,31,2 / 4,2 / 4,1,1,0,2,2
3569,2020-06-29,3,9,17,38,39,41,13,,147,25,3 / 3,5 / 1,2,1,0,2,1
3568,2020-06-25,23,37,42,43,47,49,34,23 / 47,241,40,1 / 5,5 / 1,0,0,1,1,4
3567,2020-04-02,4,11,14,23,28,47,24,,127,21,4 / 2,3 / 3,1,2,2,0,1
3566,2020-03-30,1,7,17,29,30,43,31,7,127,21,3 / 3,5 / 1,2,1,2,0,1
3565,2020-03-26,7,12,13,19,42,46,29,42,139,23,4 / 2,3 / 3,1,3,0,0,2
3564,2020-03-23,10,30,35,39,42,49,18,,205,34,1 / 5,3 / 3,1,0,1,2,2
3563,2020-03-19,8,19,27,33,37,47,18,19 / 47,171,29,2 / 4,5 / 1,1,1,1,2,1
3562,2020-03-16,2,15,19,40,47,48,27,,171,29,3 / 3,3 / 3,1,2,0,1,2
3561,2020-03-12,1,3,18,34,36,49,16,,141,24,3 / 3,3 / 3,2,1,0,2,1
3560,2020-03-09,4,11,14,22,29,47,6,14,127,21,4 / 2,3 / 3,1,2,2,0,1
3559,2020-03-05,12,14,30,37,38,40,42,37,171,29,2 / 4,1 / 5,0,2,1,3,0
3558,2020-03-02,11,37,39,41,42,46,43,46,216,36,1 / 5,4 / 2,0,1,0,2,3
3557,2020-02-27,10,32,35,36,46,49,40,,208,35,1 / 5,2 / 4,1,0,0,3,2
3556,2020-02-24,11,24,26,29,42,47,25,26,179,30,2 / 4,3 / 3,0,1,3,0,2
3555,2020-02-20,7,19,26,31,34,40,6,19,157,26,2 / 4,3 / 3,1,1,1,3,0
3554,2020-02-17,17,19,23,30,42,45,13,19 / 23,176,29,3 / 3,4 / 2,0,2,2,0,2
3553,2020-02-13,5,7,19,23,44,48,45,,146,24,4 / 2,4 / 2,2,1,1,0,2
3552,2020-02-10,8,12,15,17,32,46,20,15,130,22,4 / 2,2 / 4,1,3,0,1,1
3551,2020-02-07,10,15,16,21,24,49,2,49,135,23,5 / 1,3 / 3,1,2,2,0,1
3550,2020-02-03,6,9,23,34,42,49,22,49,163,27,3 / 3,3 / 3,2,0,1,1,2
3549,2020-01-30,7,20,29,41,47,49,28,,193,32,2 / 4,5 / 1,1,1,1,0,3
3548,2020-01-27,3,32,38,43,46,48,34,38,210,35,1 / 5,2 / 4,1,0,0,2,3
3547,2020-01-23,9,14,36,38,40,47,30,,184,31,2 / 4,2 / 4,1,1,0,3,1
3546,2020-01-20,11,18,20,22,27,37,39,11,135,23,4 / 2,3 / 3,0,3,2,1,0
3545,2020-01-17,1,11,24,28,45,48,23,,157,26,3 / 3,3 / 3,1,1,2,0,2
3544,2020-01-13,2,3,4,13,16,33,14,,71,12,5 / 1,3 / 3,3,2,0,1,0
3543,2020-01-09,12,24,34,38,46,47,28,47,201,34,2 / 4,1 / 5,0,1,1,2,2
3542,2020-01-06,2,7,11,15,26,47,33,15,108,18,4 / 2,4 / 2,2,2,1,0,1
3541,2020-01-03,13,15,21,23,30,35,25,13 / 35,137,23,4 / 2,5 / 1,0,2,3,1,0
3540,2019-12-30,3,12,13,35,36,40,33,36,139,23,3 / 3,3 / 3,1,2,0,3,0
3539,2019-12-26,8,16,20,24,25,36,13,,129,22,4 / 2,1 / 5,1,2,2,1,0
3538,2019-12-23,1,15,35,41,42,43,28,,177,30,2 / 4,5 / 1,1,1,0,1,3
3537,2019-12-19,19,21,27,36,40,44,2,40,187,31,2 / 4,3 / 3,0,1,2,2,1
3536,2019-12-16,4,10,22,23,40,42,7,22,141,24,4 / 2,1 / 5,2,0,2,1,1
3535,2019-12-12,2,22,29,33,36,45,20,22,167,28,2 / 4,3 / 3,1,0,2,2,1
3534,2019-12-09,21,22,27,30,39,44,46,30,183,31,2 / 4,3 / 3,0,0,4,1,1
3533,2019-12-05,2,9,14,26,30,47,34,14,128,21,3 / 3,2 / 4,2,1,2,0,1
3532,2019-12-02,1,14,15,25,34,35,36,34,124,21,3 / 3,4 / 2,1,2,1,2,0
3531,2019-11-28,6,30,34,45,46,48,32,6 / 46,209,35,1 / 5,1 / 5,1,0,1,1,3
3530,2019-11-25,3,6,16,35,38,46,23,16,144,24,3 / 3,2 / 4,2,1,0,2,1
3529,2019-11-21,1,4,16,18,30,32,37,1 / 16 / 30,101,17,4 / 2,1 / 5,2,2,1,1,0
3528,2019-11-18,1,16,17,20,21,30,29,16 / 21,105,18,5 / 1,3 / 3,1,3,2,0,0
3527,2019-11-14,2,9,16,21,36,49,31,,133,22,4 / 2,3 / 3,2,1,1,1,1
3526,2019-11-11,3,20,29,30,39,41,6,30,162,27,2 / 4,4 / 2,1,1,2,1,1
3525,2019-11-07,5,26,28,30,34,46,42,,169,28,1 / 5,1 / 5,1,0,3,1,1
3524,2019-11-04,3,8,9,38,41,44,34,44,143,24,3 / 3,3 / 3,3,0,0,1,2
3523,2019-10-31,13,30,33,36,44,47,14,36,203,34,1 / 5,3 / 3,0,1,1,2,2
3522,2019-10-28,5,19,20,27,34,36,24,,141,24,3 / 3,3 / 3,1,2,1,2,0
3521,2019-10-24,14,24,25,29,43,44,7,,179,30,2 / 4,3 / 3,0,1,3,0,2
3520,2019-10-21,5,13,28,38,47,48,40,47,179,30,2 / 4,3 / 3,1,1,1,1,2
3519,2019-10-17,2,35,37,42,43,47,44,,206,34,1 / 5,4 / 2,1,0,0,2,3
3518,2019-10-14,4,5,14,25,26,45,29,4 / 26 / 45,119,20,3 / 3,3 / 3,2,1,2,0,1
3517,2019-10-10,4,18,26,32,34,45,33,26,159,27,2 / 4,1 / 5,1,1,1,2,1
3516,2019-10-07,12,13,26,36,41,46,5,12 / 46,174,29,2 / 4,2 / 4,0,2,1,1,2
3515,2019-10-03,1,12,24,45,46,48,29,,176,29,3 / 3,2 / 4,1,1,1,0,3
3514,2019-09-30,10,13,16,38,42,47,11,,166,28,3 / 3,2 / 4,1,2,0,1,2
3513,2019-09-26,9,19,30,34,35,46,49,9,173,29,2 / 4,3 / 3,1,1,1,2,1
3512,2019-09-23,9,10,25,29,41,44,43,,158,26,2 / 4,4 / 2,2,0,2,0,2
3511,2019-09-19,14,22,24,31,45,47,29,,183,31,3 / 3,3 / 3,0,1,2,1,2
3510,2019-09-16,9,17,29,32,36,40,30,,163,27,2 / 4,3 / 3,1,1,1,3,0
3509,2019-09-12,7,10,30,33,44,45,46,10 / 44,169,28,2 / 4,3 / 3,2,0,1,1,2
3508,2019-09-09,10,19,25,36,44,49,27,,183,31,2 / 4,3 / 3,1,1,1,1,2
3507,2019-09-05,17,18,27,42,47,48,37,18,199,33,2 / 4,3 / 3,0,2,1,0,3
3506,2019-09-02,1,5,18,20,33,44,48,33,121,20,4 / 2,3 / 3,2,2,0,1,1
3505,2019-08-29,6,22,33,40,45,47,49,40,193,32,2 / 4,3 / 3,1,0,1,2,2
3504,2019-08-26,7,18,23,40,44,48,35,,180,30,3 / 3,2 / 4,1,1,1,1,2
3503,2019-08-22,1,14,25,28,29,38,31,,135,23,2 / 4,3 / 3,1,1,3,1,0
3502,2019-08-19,2,6,19,20,26,45,30,,118,20,4 / 2,2 / 4,2,2,1,0,1
3501,2019-08-15,3,11,27,29,40,42,1,,152,25,2 / 4,4 / 2,1,1,2,1,1
3500,2019-08-12,33,34,36,37,44,49,16,34,233,39,0 / 6,3 / 3,0,0,0,4,2
3499,2019-08-08,1,4,5,22,27,34,41,4,93,16,4 / 2,3 / 3,3,0,2,1,0
3498,2019-08-05,4,15,16,20,21,26,18,,102,17,5 / 1,2 / 4,1,3,2,0,0
3497,2019-08-01,3,8,22,30,31,48,42,,142,24,3 / 3,2 / 4,2,0,2,1,1
3496,2019-07-29,4,10,24,32,37,44,31,4,151,25,3 / 3,1 / 5,2,0,1,2,1
3495,2019-07-25,4,5,29,30,31,33,41,30,132,22,2 / 4,4 / 2,2,0,2,2,0
3494,2019-07-22,7,23,30,34,43,47,2,,184,31,2 / 4,4 / 2,1,0,2,1,2
3493,2019-07-18,14,20,25,28,31,42,9,,160,27,2 / 4,2 / 4,0,2,2,1,1
3492,2019-07-15,4,15,30,35,36,43,24,43,163,27,2 / 4,3 / 3,1,1,1,2,1
3491,2019-07-11,6,12,28,43,45,47,16,,181,30,2 / 4,3 / 3,1,1,1,0,3
3490,2019-07-08,9,11,22,23,24,29,49,9,118,20,5 / 1,4 / 2,1,1,4,0,0
3489,2019-07-04,7,9,21,34,36,45,27,7,152,25,3 / 3,4 / 2,2,0,1,2,1
3488,2019-07-01,5,7,27,30,38,48,15,,155,26,2 / 4,3 / 3,2,0,2,1,1
3487,2019-06-27,1,4,25,36,41,47,26,25 / 41,154,26,2 / 4,4 / 2,2,0,1,1,2
3486,2019-06-24,8,17,25,32,41,48,21,8 / 25,171,29,2 / 4,3 / 3,1,1,1,1,2
3485,2019-06-20,8,19,25,26,29,34,7,29,141,24,2 / 4,3 / 3,1,1,3,1,0
3484,2019-06-17,6,20,29,36,40,43,10,,174,29,2 / 4,2 / 4,1,1,1,2,1
3483,2019-06-13,1,3,10,14,22,39,24,10,89,15,5 / 1,3 / 3,3,1,1,1,0
3482,2019-06-10,10,11,15,17,19,46,4,,118,20,5 / 1,4 / 2,1,4,0,0,1
3481,2019-06-06,21,24,28,31,32,38,4,,174,29,2 / 4,2 / 4,0,0,3,3,0
3480,2019-06-03,3,4,12,19,27,30,31,4 / 12 / 30,95,16,4 / 2,3 / 3,2,2,2,0,0
3479,2019-05-30,4,12,21,30,31,44,3,21,142,24,3 / 3,2 / 4,1,1,2,1,1
3478,2019-05-27,5,9,17,21,22,32,34,22 / 32,106,18,5 / 1,4 / 2,2,1,2,1,0
3477,2019-05-23,12,20,22,31,32,46,38,46,163,27,3 / 3,1 / 5,0,2,1,2,1
3476,2019-05-20,7,18,24,46,47,48,10,7,190,32,3 / 3,2 / 4,1,1,1,0,3
3475,2019-05-16,5,7,9,15,38,45,29,,119,20,4 / 2,5 / 1,3,1,0,1,1
3474,2019-05-13,2,3,19,21,23,31,1,,99,17,5 / 1,5 / 1,2,1,2,1,0
3473,2019-05-09,5,10,11,18,26,49,4,5 / 26,119,20,4 / 2,3 / 3,2,2,1,0,1
3472,2019-05-06,5,6,13,26,32,41,18,,123,21,3 / 3,3 / 3,2,1,1,1,1
3471,2019-05-02,10,15,24,35,42,47,11,10,173,29,3 / 3,3 / 3,1,1,1,1,2
3470,2019-04-29,4,10,26,31,39,48,19,,158,26,2 / 4,2 / 4,2,0,1,2,1
3469,2019-04-25,1,7,14,15,32,38,39,,107,18,4 / 2,3 / 3,2,2,0,2,0
3468,2019-04-22,12,13,19,23,24,44,14,,135,23,5 / 1,3 / 3,0,3,2,0,1
3467,2019-04-18,6,15,28,33,45,47,43,47,174,29,2 / 4,4 / 2,1,1,1,1,2
3466,2019-04-15,8,19,25,34,35,47,30,47,168,28,2 / 4,4 / 2,1,1,1,2,1
3465,2019-04-11,5,12,13,17,29,47,4,,123,21,4 / 2,5 / 1,1,3,1,0,1
3464,2019-04-08,9,19,20,24,28,49,36,20,149,25,4 / 2,3 / 3,1,2,2,0,1
3463,2019-04-04,4,17,20,21,33,39,27,,134,22,4 / 2,4 / 2,1,2,1,2,0
3462,2019-04-01,7,12,22,30,31,36,2,,138,23,3 / 3,2 / 4,1,1,2,2,0
3461,2019-03-28,2,15,20,26,29,44,43,26,136,23,3 / 3,2 / 4,1,2,2,0,1
3460,2019-03-25,6,13,23,26,34,37,15,13,139,23,3 / 3,3 / 3,1,1,2,2,0
3459,2019-03-21,2,5,12,13,15,31,36,25,78,13,5 / 1,4 / 2,2,3,0,1,0
3458,2019-03-18,2,5,8,17,43,47,25,2 / 17,122,20,4 / 2,4 / 2,3,1,0,0,2
3457,2019-03-14,2,4,17,21,25,46,44,,115,19,4 / 2,3 / 3,2,1,2,0,1
3456,2019-03-11,6,23,26,27,34,49,32,,165,28,2 / 4,3 / 3,1,0,3,1,1
3455,2019-03-07,1,2,13,29,41,43,34,1,129,22,3 / 3,5 / 1,2,1,1,0,2
3454,2019-03-04,1,6,7,16,39,40,12,39,109,18,4 / 2,3 / 3,3,1,0,2,0
3453,2019-02-28,20,24,27,39,43,48,8,27,201,34,2 / 4,3 / 3,0,1,2,1,2
3452,2019-02-25,9,12,27,28,38,44,10,,158,26,2 / 4,2 / 4,1,1,2,1,1
3451,2019-02-22,5,8,14,16,34,39,23,,116,19,4 / 2,2 / 4,2,2,0,2,0
3450,2019-02-18,25,26,29,31,46,49,21,,206,34,0 / 6,4 / 2,0,0,3,1,2
3449,2019-02-14,2,10,12,20,24,32,31,10,100,17,5 / 1,0 / 6,2,2,1,1,0
3448,2019-02-11,9,10,15,33,39,40,41,9,146,24,3 / 3,4 / 2,2,1,0,3,0
3447,2019-02-07,5,7,9,11,35,49,31,,116,19,4 / 2,6 / 0,3,1,0,1,1
3446,2019-02-04,6,15,21,30,46,47,34,,165,28,3 / 3,3 / 3,1,1,2,0,2
3445,2019-02-01,5,11,16,17,22,27,10,11,98,16,5 / 1,4 / 2,1,3,2,0,0
3444,2019-01-28,6,11,19,33,35,38,45,,142,24,3 / 3,4 / 2,1,2,0,3,0
3443,2019-01-24,3,4,18,32,41,44,34,,142,24,3 / 3,2 / 4,2,1,0,1,2
3442,2019-01-21,7,38,40,45,46,47,21,,223,37,1 / 5,3 / 3,1,0,0,2,3
3441,2019-01-17,5,10,22,30,42,48,13,10,157,26,3 / 3,1 / 5,2,0,2,0,2
3440,2019-01-14,10,13,21,27,34,40,41,13,145,24,3 / 3,3 / 3,1,1,2,2,0
3439,2019-01-11,1,2,13,18,41,47,46,12 / 41,122,20,4 / 2,4 / 2,2,2,0,0,2
3438,2019-01-07,1,2,36,39,41,42,37,,161,27,2 / 4,3 / 3,2,0,0,2,2
3437,2019-01-03,12,22,26,37,40,47,33,,184,31,2 / 4,2 / 4,0,1,2,2,1
3436,2018-12-31,8,13,18,28,43,49,6,,159,27,3 / 3,3 / 3,1,2,1,0,2
3435,2018-12-27,9,19,20,30,35,46,23,,159,27,3 / 3,3 / 3,1,2,1,1,1
3434,2018-12-24,3,5,12,17,29,39,31,12 / 39,105,18,4 / 2,5 / 1,2,2,1,1,0
3433,2018-12-20,7,12,15,30,33,39,48,15 / 30,136,23,3 / 3,4 / 2,1,2,1,2,0
3432,2018-12-17,15,16,30,32,44,48,46,,185,31,2 / 4,1 / 5,0,2,1,1,2
3431,2018-12-13,3,11,18,23,38,47,7,,140,23,4 / 2,4 / 2,1,2,1,1,1
3430,2018-12-10,4,10,14,26,39,44,48,,137,23,3 / 3,1 / 5,2,1,1,1,1
3429,2018-12-06,5,9,16,18,23,47,19,5,118,20,5 / 1,4 / 2,2,2,1,0,1
3428,2018-12-03,5,6,7,29,37,38,23,,122,20,3 / 3,4 / 2,3,0,1,2,0
3427,2018-11-29,4,11,19,25,40,44,1,,143,24,3 / 3,3 / 3,1,2,1,1,1
3426,2018-11-26,16,22,28,31,38,46,33,,181,30,2 / 4,1 / 5,0,1,2,2,1
3425,2018-11-22,11,17,20,21,27,30,33,,126,21,4 / 2,4 / 2,0,3,3,0,0
3424,2018-11-19,2,9,14,36,46,48,5,36,155,26,3 / 3,1 / 5,2,1,0,1,2
3423,2018-11-15,21,25,27,36,39,44,18,21,192,32,1 / 5,4 / 2,0,0,3,2,1
3422,2018-11-12,4,12,21,34,41,47,33,,159,27,3 / 3,3 / 3,1,1,1,1,2
3421,2018-11-08,8,13,16,26,28,38,46,8 / 28,129,22,3 / 3,1 / 5,1,2,2,1,0
3420,2018-11-05,3,8,14,28,43,49,26,28,145,24,3 / 3,3 / 3,2,1,1,0,2
3419,2018-11-01,6,27,28,41,44,48,15,6 / 28,194,32,1 / 5,2 / 4,1,0,2,0,3
3418,2018-10-29,2,6,10,20,28,31,30,,97,16,4 / 2,1 / 5,3,1,1,1,0
3417,2018-10-25,7,8,13,15,35,48,30,48,126,21,4 / 2,4 / 2,2,2,0,1,1
3416,2018-10-22,5,22,24,40,43,48,2,5 / 48,182,30,3 / 3,2 / 4,1,0,2,1,2
3415,2018-10-18,5,14,17,31,46,48,47,48,161,27,3 / 3,3 / 3,1,2,0,1,2
3414,2018-10-15,1,4,24,32,35,48,20,1 / 24,144,24,3 / 3,2 / 4,2,0,1,2,1
3413,2018-10-11,1,16,18,24,29,46,35,18,134,22,4 / 2,2 / 4,1,2,2,0,1
3412,2018-10-08,17,18,23,39,43,49,2,23,189,32,3 / 3,5 / 1,0,2,1,1,2
3411,2018-10-04,5,12,23,32,37,42,43,23 / 32,151,25,3 / 3,3 / 3,1,1,1,2,1
3410,2018-10-01,11,15,23,24,32,40,43,,145,24,4 / 2,3 / 3,0,2,2,2,0
3409,2018-09-27,2,25,29,33,42,45,20,29,176,29,1 / 5,4 / 2,1,0,2,1,2
3408,2018-09-24,6,8,17,24,29,47,34,,131,22,4 / 2,3 / 3,2,1,2,0,1
3407,2018-09-20,5,12,18,30,32,38,22,,135,23,3 / 3,1 / 5,1,2,1,2,0
3406,2018-09-17,16,21,22,24,25,27,1,16,135,23,4 / 2,3 / 3,0,1,5,0,0
3405,2018-09-13,6,16,17,40,44,48,34,6 / 40,171,29,3 / 3,1 / 5,1,2,0,1,2
3404,2018-09-10,2,6,9,15,40,43,18,2 / 15,115,19,4 / 2,3 / 3,3,1,0,1,1
3403,2018-09-06,2,15,17,20,23,30,45,,107,18,5 / 1,3 / 3,1,3,2,0,0
3402,2018-09-03,4,5,13,18,39,40,3,40,119,20,4 / 2,3 / 3,2,2,0,2,0
3401,2018-08-30,3,9,27,29,31,40,46,29,139,23,2 / 4,5 / 1,2,0,2,2,0
3400,2018-08-27,5,6,16,24,26,29,38,,106,18,4 / 2,2 / 4,2,1,3,0,0
3399,2018-08-23,2,3,23,30,39,41,19,,138,23,3 / 3,4 / 2,2,0,2,1,1
3398,2018-08-20,9,10,25,38,40,42,2,25,164,27,2 / 4,2 / 4,2,0,1,2,1
3397,2018-08-16,22,23,25,32,33,36,20,22 / 36,171,29,2 / 4,3 / 3,0,0,3,3,0
3396,2018-08-13,1,3,6,16,22,36,17,16,84,14,5 / 1,2 / 4,3,1,1,1,0
3395,2018-08-09,13,16,20,23,39,42,28,20,153,26,4 / 2,3 / 3,0,3,1,1,1
3394,2018-08-06,7,18,20,27,36,40,15,27,148,25,3 / 3,2 / 4,1,2,1,2,0
3393,2018-08-02,1,10,15,27,41,46,35,10 / 41,140,23,3 / 3,4 / 2,2,1,1,0,2
3392,2018-07-30,8,10,19,20,41,43,7,,141,24,4 / 2,3 / 3,2,2,0,0,2
3391,2018-07-26,1,9,13,17,28,40,37,28 / 40,108,18,4 / 2,4 / 2,2,2,1,1,0
3390,2018-07-23,2,23,26,28,39,40,12,23,158,26,2 / 4,2 / 4,1,0,3,2,0
3389,2018-07-19,13,14,23,35,37,46,45,,168,28,3 / 3,4 / 2,0,2,1,2,1
3388,2018-07-16,4,8,19,24,32,47,22,4 / 32,134,22,4 / 2,2 / 4,2,1,1,1,1
3387,2018-07-12,4,15,25,32,40,41,10,,157,26,2 / 4,3 / 3,1,1,1,2,1
3386,2018-07-09,6,23,31,38,39,43,33,,180,30,2 / 4,4 / 2,1,0,1,3,1
3385,2018-07-05,8,11,28,30,32,34,39,,143,24,2 / 4,1 / 5,1,1,2,2,0
3384,2018-07-02,12,13,26,33,35,38,23,,157,26,2 / 4,3 / 3,0,2,1,3,0
3383,2018-06-28,2,7,22,27,40,47,48,2,145,24,3 / 3,3 / 3,2,0,2,1,1
3382,2018-06-25,2,5,25,38,44,48,9,,162,27,2 / 4,2 / 4,2,0,1,1,2
3381,2018-06-21,4,6,15,24,30,35,46,15,114,19,4 / 2,2 / 4,2,1,2,1,0
3380,2018-06-18,11,15,22,23,26,43,25,,140,23,4 / 2,4 / 2,0,2,3,0,1
3379,2018-06-14,4,29,31,35,42,48,1,,189,32,1 / 5,3 / 3,1,0,1,2,2
3378,2018-06-11,16,25,30,37,44,49,34,37,201,34,1 / 5,3 / 3,0,1,2,1,2
3377,2018-06-07,12,20,29,31,37,39,42,20 / 31 / 37,168,28,2 / 4,4 / 2,0,2,1,3,0
3376,2018-06-04,20,22,31,37,43,45,27,,198,33,2 / 4,4 / 2,0,1,1,2,2
3375,2018-05-31,11,13,24,26,47,49,33,,170,28,3 / 3,4 / 2,0,2,2,0,2
3374,2018-05-28,5,9,27,28,30,44,2,,143,24,2 / 4,3 / 3,2,0,3,0,1
3373,2018-05-24,11,25,26,34,36,42,16,,174,29,1 / 5,2 / 4,0,1,2,2,1
3372,2018-05-21,8,10,16,30,37,44,17,37,145,24,3 / 3,1 / 5,2,1,1,1,1
3371,2018-05-17,7,21,25,29,35,37,13,29,154,26,2 / 4,6 / 0,1,0,3,2,0
3370,2018-05-14,17,24,29,45,46,49,5,45,210,35,2 / 4,4 / 2,0,1,2,0,3
3369,2018-05-10,4,14,35,38,45,47,13,,183,31,2 / 4,3 / 3,1,1,0,2,2
3368,2018-05-07,2,7,12,15,23,44,34,23,103,17,5 / 1,3 / 3,2,2,1,0,1
3367,2018-05-03,14,23,28,30,32,48,8,32,175,29,2 / 4,1 / 5,0,1,3,1,1
3366,2018-04-30,7,13,18,21,32,35,14,,126,21,4 / 2,4 / 2,1,2,1,2,0
3365,2018-04-26,5,14,17,25,28,46,39,,135,23,3 / 3,3 / 3,1,2,2,0,1
3364,2018-04-23,1,30,32,36,37,41,16,32 / 36,177,30,1 / 5,3 / 3,1,0,1,3,1
3363,2018-04-19,18,22,32,35,36,44,38,22,187,31,2 / 4,1 / 5,0,1,1,3,1
3362,2018-04-16,14,22,25,27,28,29,1,27,145,24,2 / 4,3 / 3,0,1,5,0,0
3361,2018-04-12,1,7,15,27,32,38,45,,120,20,3 / 3,4 / 2,2,1,1,2,0
3360,2018-04-09,18,36,40,41,43,49,28,40,227,38,1 / 5,3 / 3,0,1,0,2,3
3359,2018-04-05,3,5,21,30,32,40,34,3 / 30,131,22,3 / 3,3 / 3,2,0,2,2,0
3358,2018-04-02,3,12,30,39,43,48,20,,175,29,2 / 4,3 / 3,1,1,1,1,2
3357,2018-03-29,11,15,17,21,27,33,10,27,124,21,4 / 2,6 / 0,0,3,2,1,0
3356,2018-03-26,6,13,14,27,32,36,29,6 / 13 / 27,128,21,3 / 3,2 / 4,1,2,1,2,0
3355,2018-03-22,5,6,13,21,27,47,42,,119,20,4 / 2,5 / 1,2,1,2,0,1
3354,2018-03-19,3,18,31,39,43,46,29,,180,30,2 / 4,4 / 2,1,1,0,2,2
3353,2018-03-15,9,16,23,25,34,40,47,9 / 16,147,25,3 / 3,3 / 3,1,1,2,2,0
3352,2018-03-12,9,12,15,16,29,44,2,,125,21,4 / 2,3 / 3,1,3,1,0,1
3351,2018-03-08,2,10,14,24,28,40,21,,118,20,4 / 2,0 / 6,2,1,2,1,0
3350,2018-03-05,6,15,16,30,32,39,19,,138,23,3 / 3,2 / 4,1,2,1,2,0
3349,2018-03-02,24,28,31,37,40,49,29,40,209,35,1 / 5,3 / 3,0,0,2,3,1
3348,2018-02-26,4,9,13,15,40,44,48,4 / 13 / 15,125,21,4 / 2,3 / 3,2,2,0,1,1
3347,2018-02-22,4,12,13,15,35,46,21,,125,21,4 / 2,3 / 3,1,3,0,1,1
3346,2018-02-19,10,21,29,34,37,43,28,,174,29,2 / 4,4 / 2,1,0,2,2,1
3345,2018-02-15,16,18,30,31,36,41,1,41,172,29,2 / 4,2 / 4,0,2,1,2,1
3344,2018-02-12,12,14,19,23,37,41,3,23,146,24,4 / 2,4 / 2,0,3,1,1,1
3343,2018-02-09,8,15,16,23,40,49,18,40,151,25,4 / 2,3 / 3,1,2,1,1,1
3342,2018-02-05,25,33,38,40,42,48,27,,226,38,0 / 6,2 / 4,0,0,1,3,2
3341,2018-02-01,4,15,20,22,29,32,8,32,122,20,4 / 2,2 / 4,1,2,2,1,0
3340,2018-01-29,7,14,25,32,44,48,19,25,170,28,2 / 4,2 / 4,1,1,1,1,2
3339,2018-01-25,1,15,23,25,34,47,2,1 / 15,145,24,3 / 3,5 / 1,1,1,2,1,1
3338,2018-01-22,1,2,15,29,32,49,11,2,128,21,3 / 3,4 / 2,2,1,1,1,1
3337,2018-01-18,2,6,12,17,26,40,44,26,103,17,4 / 2,1 / 5,2,2,1,1,0
3336,2018-01-15,1,2,6,28,29,49,17,49,115,19,3 / 3,3 / 3,3,0,2,0,1
3335,2018-01-11,22,24,25,40,45,49,3,45,205,34,2 / 4,3 / 3,0,0,3,1,2
3334,2018-01-08,6,10,18,36,44,45,46,,159,27,3 / 3,1 / 5,2,1,0,1,2
3333,2018-01-05,3,4,13,19,23,47,5,3,109,18,5 / 1,5 / 1,2,2,1,0,1
3332,2018-01-01,3,9,16,34,45,46,49,3 / 16,153,26,3 / 3,3 / 3,2,1,0,1,2
3331,2017-12-28,1,3,5,16,27,40,26,,92,15,4 / 2,4 / 2,3,1,1,1,0
3330,2017-12-25,6,7,14,17,19,29,46,,92,15,5 / 1,4 / 2,2,3,1,0,0
3329,2017-12-21,1,2,26,27,35,43,23,2 / 35,134,22,2 / 4,4 / 2,2,0,2,1,1
3328,2017-12-18,2,6,10,19,31,35,34,,103,17,4 / 2,3 / 3,3,1,0,2,0
3327,2017-12-14,1,9,13,33,41,48,21,,145,24,3 / 3,5 / 1,2,1,0,1,2
3326,2017-12-11,5,12,37,39,42,43,15,37,178,30,2 / 4,4 / 2,1,1,0,2,2
3325,2017-12-07,9,10,25,37,45,46,40,,172,29,2 / 4,4 / 2,2,0,1,1,2
3324,2017-12-04,4,5,19,38,39,40,26,38,145,24,3 / 3,3 / 3,2,1,0,3,0
3323,2017-11-30,17,22,29,36,38,47,46,,189,32,2 / 4,3 / 3,0,1,2,2,1
3322,2017-11-27,7,8,23,30,42,48,38,,158,26,3 / 3,2 / 4,2,0,2,0,2
3321,2017-11-23,11,14,41,46,47,49,48,11,208,35,2 / 4,4 / 2,0,2,0,0,4
3320,2017-11-20,9,11,13,18,20,34,27,11 / 13 / 34,105,18,5 / 1,3 / 3,1,4,0,1,0
3319,2017-11-16,11,13,16,27,34,48,30,,149,25,3 / 3,3 / 3,0,3,1,1,1
3318,2017-11-13,3,19,21,35,37,44,26,44,159,27,3 / 3,5 / 1,1,1,1,2,1
3317,2017-11-09,22,31,33,41,44,47,24,,218,36,1 / 5,4 / 2,0,0,1,2,3
3316,2017-11-06,2,8,11,15,19,32,47,32,87,15,5 / 1,3 / 3,2,3,0,1,0
3315,2017-11-02,7,17,18,30,32,47,39,30,151,25,3 / 3,3 / 3,1,2,1,1,1
3314,2017-10-30,8,20,30,43,46,48,18,,195,33,2 / 4,1 / 5,1,1,1,0,3
3313,2017-10-26,3,10,25,32,36,37,6,,143,24,2 / 4,3 / 3,2,0,1,3,0
3312,2017-10-23,2,9,23,35,38,48,20,2,155,26,3 / 3,3 / 3,2,0,1,2,1
3311,2017-10-19,2,4,15,20,26,28,24,,95,16,4 / 2,1 / 5,2,2,2,0,0
3310,2017-10-16,6,11,12,34,36,49,3,6,148,25,3 / 3,2 / 4,1,2,0,2,1
3309,2017-10-12,6,14,17,21,22,37,15,6 / 14 / 17,117,20,5 / 1,3 / 3,1,2,2,1,0
3308,2017-10-09,6,14,17,40,43,49,48,40,169,28,3 / 3,3 / 3,1,2,0,1,2
3307,2017-10-05,9,19,23,36,40,44,20,23,171,29,3 / 3,3 / 3,1,1,1,2,1
3306,2017-10-02,2,8,17,18,23,42,1,,110,18,5 / 1,2 / 4,2,2,1,0,1
3305,2017-09-28,11,12,26,27,29,33,10,26,138,23,2 / 4,4 / 2,0,2,3,1,0
3304,2017-09-25,7,18,26,34,41,48,8,,174,29,2 / 4,2 / 4,1,1,1,1,2
3303,2017-09-21,9,14,15,28,35,37,2,15,138,23,3 / 3,4 / 2,1,2,1,2,0
3302,2017-09-18,3,15,22,24,32,43,35,15,139,23,4 / 2,3 / 3,1,1,2,1,1
3301,2017-09-14,12,15,29,36,40,45,16,,177,30,2 / 4,3 / 3,0,2,1,2,1
3300,2017-09-11,7,14,17,18,44,48,2,,148,25,4 / 2,2 / 4,1,3,0,0,2
3299,2017-09-07,13,19,20,21,32,49,27,,154,26,4 / 2,4 / 2,0,3,1,1,1
3298,2017-09-04,10,11,22,36,38,46,13,36,163,27,3 / 3,1 / 5,1,1,1,2,1
3297,2017-08-31,3,36,39,40,44,47,14,39,209,35,1 / 5,3 / 3,1,0,0,3,2
3296,2017-08-28,1,21,29,35,39,46,8,39,171,29,2 / 4,5 / 1,1,0,2,2,1
3295,2017-08-24,11,17,26,30,32,39,33,,155,26,2 / 4,3 / 3,0,2,2,2,0
3294,2017-08-21,4,7,12,18,42,47,41,47,130,22,4 / 2,2 / 4,2,2,0,0,2
3293,2017-08-17,11,15,29,39,41,47,25,39,182,30,2 / 4,6 / 0,0,2,1,1,2
3292,2017-08-14,2,8,17,22,39,46,6,39 / 46,134,22,4 / 2,2 / 4,2,1,1,1,1
3291,2017-08-10,1,31,39,45,46,49,34,46,211,35,1 / 5,5 / 1,1,0,0,2,3
3290,2017-08-07,5,17,34,40,42,46,22,,184,31,2 / 4,2 / 4,1,1,0,2,2
3289,2017-08-03,14,19,22,27,32,36,40,14,150,25,3 / 3,2 / 4,0,2,2,2,0
3288,2017-07-31,11,13,14,16,30,43,47,14,127,21,4 / 2,3 / 3,0,4,1,0,1
3287,2017-07-27,14,20,24,33,37,41,18,41,169,28,3 / 3,3 / 3,0,2,1,2,1
3286,2017-07-24,2,22,23,32,35,41,7,35 / 41,155,26,3 / 3,3 / 3,1,0,2,2,1
3285,2017-07-20,8,11,35,39,41,43,13,11,177,30,2 / 4,5 / 1,1,1,0,2,2
3284,2017-07-17,9,11,16,20,27,46,39,,129,22,4 / 2,3 / 3,1,3,1,0,1
3283,2017-07-13,24,30,33,34,47,49,12,,217,36,1 / 5,3 / 3,0,0,2,2,2
3282,2017-07-10,11,16,31,35,46,48,41,,187,31,2 / 4,3 / 3,0,2,0,2,2
3281,2017-07-06,2,4,7,26,40,47,35,7,126,21,3 / 3,2 / 4,3,0,1,1,1
3280,2017-07-03,5,7,9,27,31,34,40,9,113,19,3 / 3,5 / 1,3,0,1,2,0
3279,2017-06-29,2,9,13,16,29,40,46,,109,18,4 / 2,3 / 3,2,2,1,1,0
3278,2017-06-26,14,20,21,23,25,37,15,20,140,23,4 / 2,4 / 2,0,2,3,1,0
3277,2017-06-22,4,5,12,20,47,49,25,,137,23,4 / 2,3 / 3,2,2,0,0,2
3276,2017-06-19,1,23,30,34,40,42,14,23,170,28,2 / 4,2 / 4,1,0,2,2,1
3275,2017-06-15,20,21,23,37,39,47,31,21 / 23,187,31,3 / 3,5 / 1,0,1,2,2,1
3274,2017-06-12,9,10,19,21,23,43,15,,125,21,5 / 1,5 / 1,2,1,2,0,1
3273,2017-06-08,5,7,22,25,34,40,1,40,133,22,3 / 3,3 / 3,2,0,2,2,0
3272,2017-06-05,15,21,23,24,39,40,18,15,162,27,4 / 2,4 / 2,0,1,3,2,0
3271,2017-06-01,9,15,17,22,44,46,2,15,153,26,4 / 2,3 / 3,1,2,1,0,2
3270,2017-05-29,13,15,16,27,36,47,24,,154,26,3 / 3,4 / 2,0,3,1,1,1
3269,2017-05-25,3,8,11,32,44,46,12,44,144,24,3 / 3,2 / 4,2,1,0,1,2
3268,2017-05-22,21,24,31,34,37,44,45,44,191,32,2 / 4,3 / 3,0,0,2,3,1
3267,2017-05-18,4,23,43,44,46,48,16,23,208,35,2 / 4,2 / 4,1,0,1,0,4
3266,2017-05-15,8,14,16,23,24,27,5,8 / 27,112,19,5 / 1,2 / 4,1,2,3,0,0
3265,2017-05-11,8,9,12,18,27,45,13,45,119,20,4 / 2,3 / 3,2,2,1,0,1
3264,2017-05-08,5,21,29,30,38,45,1,,168,28,2 / 4,4 / 2,1,0,3,1,1
3263,2017-05-04,4,13,14,36,41,43,45,,151,25,3 / 3,3 / 3,1,2,0,1,2
3262,2017-05-01,8,17,24,29,32,45,14,32,155,26,3 / 3,3 / 3,1,1,2,1,1
3261,2017-04-27,4,7,15,31,32,43,37,31 / 32,132,22,3 / 3,4 / 2,2,1,0,2,1
3260,2017-04-24,2,8,22,31,32,35,36,2,130,22,3 / 3,2 / 4,2,0,1,3,0
3259,2017-04-20,2,12,25,28,37,38,22,12 / 25 / 28,142,24,2 / 4,2 / 4,1,1,2,2,0
3258,2017-04-17,12,17,25,28,36,44,3,,162,27,2 / 4,2 / 4,0,2,2,1,1
3257,2017-04-13,7,9,16,27,32,47,36,,138,23,3 / 3,4 / 2,2,1,1,1,1
3256,2017-04-10,13,19,20,23,29,31,48,20,135,23,4 / 2,5 / 1,0,3,2,1,0
3255,2017-04-06,10,12,20,27,43,46,26,,158,26,3 / 3,2 / 4,1,2,1,0,2
3254,2017-04-03,1,28,30,32,40,48,31,28,179,30,1 / 5,1 / 5,1,0,2,2,1
3253,2017-03-30,28,34,38,39,42,46,24,28,227,38,0 / 6,1 / 5,0,0,1,3,2
3252,2017-03-27,1,27,28,40,41,44,36,28 / 44,181,30,1 / 5,3 / 3,1,0,2,1,2
3251,2017-03-23,5,13,18,25,28,44,16,,133,22,3 / 3,3 / 3,1,2,2,0,1
3250,2017-03-20,6,20,30,41,42,45,35,20,184,31,2 / 4,2 / 4,1,1,1,0,3
3249,2017-03-16,2,9,15,19,20,37,29,,102,17,5 / 1,4 / 2,2,3,0,1,0
3248,2017-03-13,6,28,30,35,39,42,33,6,180,30,1 / 5,2 / 4,1,0,2,2,1
3247,2017-03-09,2,6,9,17,26,46,13,,106,18,4 / 2,2 / 4,3,1,1,0,1
3246,2017-03-06,16,22,28,36,39,47,3,36,188,31,2 / 4,2 / 4,0,1,2,2,1
3245,2017-03-02,8,14,20,35,36,41,38,35,154,26,3 / 3,2 / 4,1,2,0,2,1
3244,2017-02-27,22,25,27,29,35,49,31,,187,31,1 / 5,5 / 1,0,0,4,1,1
3243,2017-02-23,7,8,9,28,41,42,29,,135,23,3 / 3,3 / 3,3,0,1,0,2
3242,2017-02-20,2,6,13,17,23,46,3,17,107,18,5 / 1,3 / 3,2,2,1,0,1
3241,2017-02-16,8,17,31,43,44,48,46,,191,32,2 / 4,3 / 3,1,1,0,1,3
3240,2017-02-13,7,10,19,23,24,33,3,7 / 24,116,19,5 / 1,4 / 2,2,1,2,1,0
3239,2017-02-10,2,7,24,27,29,34,21,,123,21,3 / 3,3 / 3,2,0,3,1,0
3238,2017-02-06,9,14,17,25,30,36,44,,131,22,3 / 3,3 / 3,1,2,2,1,0
3237,2017-02-02,11,20,21,29,37,48,23,21,166,28,3 / 3,4 / 2,0,2,2,1,1
3236,2017-01-30,21,22,25,27,32,39,6,22,166,28,2 / 4,4 / 2,0,0,4,2,0
3235,2017-01-26,8,12,16,19,22,46,6,,123,21,5 / 1,1 / 5,1,3,1,0,1
3234,2017-01-23,5,14,23,28,45,49,39,5 / 49,164,27,3 / 3,4 / 2,1,1,2,0,2
3233,2017-01-19,5,8,16,44,48,49,32,,170,28,3 / 3,2 / 4,2,1,0,0,3
3232,2017-01-16,2,7,17,21,35,42,16,,124,21,4 / 2,4 / 2,2,1,1,1,1
3231,2017-01-12,3,6,12,25,40,43,42,,129,22,3 / 3,3 / 3,2,1,1,1,1
3230,2017-01-09,8,29,33,34,42,49,21,33,195,33,1 / 5,3 / 3,1,0,1,2,2
3229,2017-01-05,7,15,20,33,39,44,43,,158,26,3 / 3,4 / 2,1,2,0,2,1
3228,2017-01-02,1,18,22,35,38,49,30,,163,27,3 / 3,3 / 3,1,1,1,2,1
3227,2016-12-29,2,4,34,36,42,46,15,46,164,27,2 / 4,0 / 6,2,0,0,2,2
3226,2016-12-26,8,10,18,25,28,46,23,28,135,23,3 / 3,1 / 5,2,1,2,0,1
3225,2016-12-22,3,28,37,38,44,47,46,,197,33,1 / 5,3 / 3,1,0,1,2,2
3224,2016-12-19,10,11,24,27,36,49,43,24,157,26,3 / 3,3 / 3,1,1,2,1,1
3223,2016-12-15,4,18,24,39,46,47,10,46,178,30,3 / 3,2 / 4,1,1,1,1,2
3222,2016-12-12,2,14,31,36,43,46,39,46,172,29,2 / 4,2 / 4,1,1,0,2,2
3221,2016-12-08,6,8,11,24,37,46,23,11 / 24 / 37,132,22,4 / 2,2 / 4,2,1,1,1,1
3220,2016-12-05,5,9,11,19,24,37,36,19 / 24,105,18,5 / 1,5 / 1,2,2,1,1,0
3219,2016-12-01,3,4,8,19,24,46,12,4 / 24,104,17,5 / 1,2 / 4,3,1,1,0,1
3218,2016-11-28,2,4,15,24,37,48,6,2,130,22,4 / 2,2 / 4,2,1,1,1,1
3217,2016-11-24,2,3,17,19,22,40,20,40,103,17,5 / 1,3 / 3,2,2,1,1,0
3216,2016-11-21,4,21,25,40,47,48,49,21,185,31,2 / 4,3 / 3,1,0,2,1,2
3215,2016-11-17,1,21,31,36,39,43,38,31,171,29,2 / 4,5 / 1,1,0,1,3,1
3214,2016-11-14,8,10,15,31,38,40,19,,142,24,3 / 3,2 / 4,2,1,0,3,0
3213,2016-11-10,17,22,26,34,41,47,42,41,187,31,2 / 4,3 / 3,0,1,2,1,2
3212,2016-11-07,1,13,21,41,48,49,22,1,173,29,3 / 3,5 / 1,1,1,1,0,3
3211,2016-11-03,1,11,19,26,35,39,14,19,131,22,3 / 3,5 / 1,1,2,1,2,0
3210,2016-10-31,14,19,24,32,36,42,35,,167,28,3 / 3,1 / 5,0,2,1,2,1
3209,2016-10-27,3,5,8,21,40,46,30,,123,21,4 / 2,3 / 3,3,0,1,1,1
3208,2016-10-24,2,15,18,24,34,35,48,,128,21,4 / 2,2 / 4,1,2,1,2,0
3207,2016-10-20,5,14,20,23,36,49,30,,147,25,4 / 2,3 / 3,1,2,1,1,1
3206,2016-10-17,3,7,9,27,39,44,48,,129,22,3 / 3,5 / 1,3,0,1,1,1
3205,2016-10-13,16,20,31,32,40,41,13,,180,30,2 / 4,2 / 4,0,2,0,3,1
3204,2016-10-10,3,18,24,30,35,49,44,,159,27,3 / 3,3 / 3,1,1,2,1,1
3203,2016-10-06,6,13,19,25,26,39,35,6,128,21,3 / 3,4 / 2,1,2,2,1,0
3202,2016-10-03,6,9,14,27,28,46,2,,130,22,3 / 3,2 / 4,2,1,2,0,1
3201,2016-09-29,1,3,4,24,34,48,29,48,114,19,4 / 2,2 / 4,3,0,1,1,1
3200,2016-09-26,6,9,15,27,37,48,24,,142,24,3 / 3,4 / 2,2,1,1,1,1
3199,2016-09-22,8,11,28,34,40,46,48,,167,28,2 / 4,1 / 5,1,1,1,2,1
3198,2016-09-19,14,17,26,31,41,45,30,,174,29,2 / 4,4 / 2,0,2,1,1,2
3197,2016-09-15,2,20,21,25,27,38,28,,133,22,3 / 3,3 / 3,1,1,3,1,0
3196,2016-09-12,3,10,18,22,48,49,41,,150,25,4 / 2,2 / 4,2,1,1,0,2
3195,2016-09-08,4,6,11,13,26,31,17,,91,15,4 / 2,3 / 3,2,2,1,1,0
3194,2016-09-05,3,9,14,21,32,40,7,3,119,20,4 / 2,3 / 3,2,1,1,2,0
3193,2016-09-01,3,4,12,15,28,48,8,48,110,18,4 / 2,2 / 4,2,2,1,0,1
3192,2016-08-29,11,19,23,32,48,49,34,11,182,30,3 / 3,4 / 2,0,2,1,1,2
3191,2016-08-25,5,6,11,25,35,40,44,35,122,20,3 / 3,4 / 2,2,1,1,2,0
3190,2016-08-22,1,10,35,36,41,49,48,10 / 36,172,29,2 / 4,4 / 2,2,0,0,2,2
3189,2016-08-18,2,10,11,21,26,36,18,,106,18,4 / 2,2 / 4,2,1,2,1,0
3188,2016-08-15,3,16,18,31,35,38,29,,141,24,3 / 3,3 / 3,1,2,0,3,0
3187,2016-08-11,13,22,30,32,45,46,29,,188,31,2 / 4,2 / 4,0,1,2,1,2
3186,2016-08-08,4,9,23,26,34,44,21,,140,23,3 / 3,2 / 4,2,0,2,1,1
3185,2016-08-04,1,8,29,31,37,42,23,37,148,25,2 / 4,4 / 2,2,0,1,2,1
3184,2016-08-01,6,14,24,36,37,39,27,6 / 36,156,26,3 / 3,2 / 4,1,1,1,3,0
3183,2016-07-28,4,6,8,15,29,36,9,6,98,16,4 / 2,2 / 4,3,1,1,1,0
3182,2016-07-25,6,26,38,40,44,49,16,44,203,34,1 / 5,1 / 5,1,0,1,2,2
3181,2016-07-21,2,14,18,27,31,44,26,,136,23,3 / 3,2 / 4,1,2,1,1,1
3180,2016-07-18,8,11,22,35,36,46,43,11,158,26,3 / 3,2 / 4,1,1,1,2,1
3179,2016-07-14,2,11,14,16,31,44,19,,118,20,4 / 2,2 / 4,1,3,0,1,1
3178,2016-07-11,7,21,22,30,35,39,19,21 / 30,154,26,3 / 3,4 / 2,1,0,3,2,0
3177,2016-07-07,4,6,13,15,21,30,49,,89,15,5 / 1,3 / 3,2,2,2,0,0
3176,2016-07-04,11,18,26,27,34,46,22,11,162,27,2 / 4,2 / 4,0,2,2,1,1
3175,2016-06-30,11,12,15,16,21,32,47,12,107,18,5 / 1,3 / 3,0,4,1,1,0
3174,2016-06-27,1,12,13,14,38,40,34,1,118,20,4 / 2,2 / 4,1,3,0,2,0
3173,2016-06-23,1,3,5,8,20,44,22,,81,14,5 / 1,3 / 3,4,1,0,0,1
3172,2016-06-20,4,6,14,18,19,35,42,,96,16,5 / 1,2 / 4,2,3,0,1,0
3171,2016-06-16,5,11,30,36,44,46,16,30,172,29,2 / 4,2 / 4,1,1,1,1,2
3170,2016-06-13,6,18,22,24,26,30,36,,126,21,4 / 2,0 / 6,1,1,4,0,0
3169,2016-06-09,12,21,27,28,35,43,47,12,166,28,2 / 4,4 / 2,0,1,3,1,1
3168,2016-06-06,2,7,12,19,29,36,20,,105,18,4 / 2,3 / 3,2,2,1,1,0
3167,2016-06-02,1,15,23,25,33,42,44,33,139,23,3 / 3,5 / 1,1,1,2,1,1
3166,2016-05-30,8,12,24,33,35,39,22,,151,25,3 / 3,3 / 3,1,1,1,3,0
3165,2016-05-26,7,15,19,31,32,40,47,7 / 31,144,24,3 / 3,4 / 2,1,2,0,3,0
3164,2016-05-23,7,12,20,24,30,31,43,,124,21,4 / 2,2 / 4,1,2,2,1,0
3163,2016-05-19,2,17,19,23,32,49,33,,142,24,4 / 2,4 / 2,1,2,1,1,1
3162,2016-05-16,1,10,24,26,36,47,4,1,144,24,3 / 3,2 / 4,2,0,2,1,1
3161,2016-05-12,1,4,23,40,46,48,34,1,162,27,3 / 3,2 / 4,2,0,1,1,2
3160,2016-05-09,1,12,26,29,39,49,42,49,156,26,2 / 4,4 / 2,1,1,2,1,1
3159,2016-05-05,9,20,23,46,48,49,42,9,195,33,3 / 3,3 / 3,1,1,1,0,3
3158,2016-05-02,6,7,8,9,14,19,48,,63,11,6 / 0,3 / 3,4,2,0,0,0
3157,2016-04-28,3,20,26,31,34,40,30,3,154,26,2 / 4,2 / 4,1,1,1,3,0
3156,2016-04-25,1,3,4,22,37,41,31,,108,18,4 / 2,4 / 2,3,0,1,1,1
3155,2016-04-21,13,14,19,32,33,48,42,14,159,27,3 / 3,3 / 3,0,3,0,2,1
3154,2016-04-18,11,14,21,28,30,39,49,28,143,24,3 / 3,3 / 3,0,2,3,1,0
3153,2016-04-14,3,4,19,26,28,34,30,,114,19,3 / 3,2 / 4,2,1,2,1,0
3152,2016-04-11,9,13,16,18,48,49,42,,153,26,4 / 2,3 / 3,1,3,0,0,2
3151,2016-04-07,1,7,30,32,38,46,23,38,154,26,2 / 4,2 / 4,2,0,1,2,1
3150,2016-04-04,10,15,22,28,34,38,12,22,147,25,3 / 3,1 / 5,1,1,2,2,0
3149,2016-03-31,20,21,22,31,39,46,32,39,179,30,3 / 3,3 / 3,0,1,2,2,1
3148,2016-03-28,8,9,15,28,36,39,33,9 / 28,135,23,3 / 3,3 / 3,2,1,1,2,0
3147,2016-03-24,4,9,28,35,38,44,36,,158,26,2 / 4,2 / 4,2,0,1,2,1
3146,2016-03-21,8,12,20,39,43,47,9,20,169,28,3 / 3,3 / 3,1,2,0,1,2
3145,2016-03-17,2,3,20,21,30,33,12,33,109,18,4 / 2,3 / 3,2,1,2,1,0
3144,2016-03-14,8,10,24,29,31,33,4,29 / 33,135,23,3 / 3,3 / 3,2,0,2,2,0
3143,2016-03-10,25,29,32,33,34,49,13,33,202,34,0 / 6,4 / 2,0,0,2,3,1
3142,2016-03-07,9,18,30,33,45,47,25,33,182,30,2 / 4,4 / 2,1,1,1,1,2
3141,2016-03-03,6,14,24,33,38,41,25,,156,26,3 / 3,2 / 4,1,1,1,2,1
3140,2016-02-29,8,11,15,17,28,47,18,17,126,21,4 / 2,4 / 2,1,3,1,0,1
3139,2016-02-25,7,14,17,23,35,49,31,,145,24,4 / 2,5 / 1,1,2,1,1,1
3138,2016-02-22,10,18,22,37,39,40,46,18,166,28,3 / 3,2 / 4,1,1,1,3,0
3137,2016-02-19,16,18,20,21,27,49,23,49,151,25,4 / 2,3 / 3,0,3,2,0,1
3136,2016-02-15,3,5,29,40,43,49,21,49,169,28,2 / 4,5 / 1,2,0,1,1,2
3135,2016-02-11,7,8,17,39,46,49,13,,166,28,3 / 3,4 / 2,2,1,0,1,2
3134,2016-02-08,13,14,16,21,24,42,7,21,130,22,5 / 1,2 / 4,0,3,2,0,1
3133,2016-02-04,2,21,26,34,39,49,3,,171,29,2 / 4,3 / 3,1,0,2,2,1
3132,2016-02-01,9,10,11,22,23,32,6,22,107,18,5 / 1,3 / 3,2,1,2,1,0
3131,2016-01-28,4,20,22,40,41,48,21,40 / 48,175,29,3 / 3,1 / 5,1,1,1,1,2
3130,2016-01-25,16,17,19,35,40,48,37,,175,29,3 / 3,3 / 3,0,3,0,2,1
3129,2016-01-21,2,11,23,24,33,44,28,11,137,23,4 / 2,3 / 3,1,1,2,1,1
3128,2016-01-18,4,11,40,43,48,49,17,4,195,33,2 / 4,3 / 3,1,1,0,1,3
3127,2016-01-14,1,2,4,7,28,41,18,,83,14,4 / 2,3 / 3,4,0,1,0,1
3126,2016-01-11,13,20,22,29,36,37,33,20,157,26,3 / 3,3 / 3,0,2,2,2,0
3125,2016-01-07,3,5,6,20,21,45,33,3,100,17,5 / 1,4 / 2,3,1,1,0,1
3124,2016-01-04,3,9,18,28,31,46,32,9,135,23,3 / 3,3 / 3,2,1,1,1,1
3123,2015-12-31,9,21,23,35,38,41,36,35,167,28,3 / 3,5 / 1,1,0,2,2,1
3122,2015-12-28,7,15,16,17,35,47,41,,137,23,4 / 2,5 / 1,1,3,0,1,1
3121,2015-12-24,10,20,21,27,33,46,37,,157,26,3 / 3,3 / 3,1,1,2,1,1
3120,2015-12-21,11,14,18,22,35,43,28,,143,24,4 / 2,3 / 3,0,3,1,1,1
3119,2015-12-17,2,12,17,19,20,33,27,33,103,17,5 / 1,3 / 3,1,4,0,1,0
3118,2015-12-14,6,21,25,29,33,40,31,,154,26,2 / 4,4 / 2,1,0,3,2,0
3117,2015-12-10,4,8,11,39,44,46,29,44,152,25,3 / 3,2 / 4,2,1,0,1,2
3116,2015-12-07,5,24,26,36,44,49,19,,184,31,2 / 4,2 / 4,1,0,2,1,2
3115,2015-12-03,17,20,34,37,43,48,32,37,199,33,2 / 4,3 / 3,0,2,0,2,2
3114,2015-11-30,11,31,35,37,44,46,42,44 / 46,204,34,1 / 5,4 / 2,0,1,0,3,2
3113,2015-11-26,2,24,34,43,44,46,28,44 / 46,193,32,2 / 4,1 / 5,1,0,1,1,3
3112,2015-11-23,5,31,36,39,44,46,43,,201,34,1 / 5,3 / 3,1,0,0,3,2
3111,2015-11-19,1,14,19,37,40,47,9,,158,26,3 / 3,4 / 2,1,2,0,2,1
3110,2015-11-16,3,5,18,41,46,48,40,41,161,27,3 / 3,3 / 3,2,1,0,0,3
3109,2015-11-12,8,10,11,12,33,41,1,,115,19,4 / 2,3 / 3,2,2,0,1,1
3108,2015-11-09,3,17,36,40,48,49,12,,193,32,2 / 4,3 / 3,1,1,0,2,2
3107,2015-11-05,2,26,27,28,37,47,17,27,167,28,1 / 5,3 / 3,1,0,3,1,1
3106,2015-11-02,1,10,18,27,35,48,30,18,139,23,3 / 3,3 / 3,2,1,1,1,1
3105,2015-10-29,7,9,18,26,36,46,43,,142,24,3 / 3,2 / 4,2,1,1,1,1
3104,2015-10-26,1,5,22,28,48,49,8,5 / 22 / 48 / 49,153,26,3 / 3,3 / 3,2,0,2,0,2
3103,2015-10-22,5,16,22,29,48,49,27,,169,28,3 / 3,3 / 3,1,1,2,0,2
3102,2015-10-19,10,13,27,36,39,45,47,,170,28,2 / 4,4 / 2,1,1,1,2,1
3101,2015-10-15,7,14,23,25,28,33,31,28,130,22,3 / 3,4 / 2,1,1,3,1,0
3100,2015-10-12,6,11,17,28,41,48,19,6,151,25,3 / 3,3 / 3,1,2,1,0,2
3099,2015-10-08,6,8,15,20,25,45,22,20,119,20,4 / 2,3 / 3,2,2,1,0,1
3098,2015-10-05,1,4,7,20,26,28,18,,86,14,4 / 2,2 / 4,3,1,2,0,0
3097,2015-10-01,3,6,15,27,36,41,49,41,128,21,3 / 3,4 / 2,2,1,1,1,1
3096,2015-09-28,12,32,35,40,41,47,25,40,207,35,1 / 5,3 / 3,0,1,0,3,2
3095,2015-09-24,8,16,25,29,31,40,11,8,149,25,2 / 4,3 / 3,1,1,2,2,0
3094,2015-09-21,8,9,10,19,28,33,24,8,107,18,4 / 2,3 / 3,3,1,1,1,0
3093,2015-09-17,5,8,20,30,35,49,12,,147,25,3 / 3,3 / 3,2,1,1,1,1
3092,2015-09-14,3,13,14,19,25,31,47,,105,18,4 / 2,5 / 1,1,3,1,1,0
3091,2015-09-10,27,33,38,39,41,47,35,,225,38,0 / 6,5 / 1,0,0,1,3,2
3090,2015-09-07,1,3,12,15,26,31,16,1,88,15,4 / 2,4 / 2,2,2,1,1,0
3089,2015-09-03,1,9,10,23,24,32,5,9,99,17,5 / 1,3 / 3,3,0,2,1,0
3088,2015-08-31,5,8,9,12,18,48,24,48,100,17,5 / 1,2 / 4,3,2,0,0,1
3087,2015-08-27,13,16,19,23,25,48,11,23,144,24,4 / 2,4 / 2,0,3,2,0,1
3086,2015-08-24,5,7,8,23,29,33,42,33,105,18,4 / 2,5 / 1,3,0,2,1,0
3085,2015-08-20,3,14,19,33,38,41,22,,148,25,3 / 3,4 / 2,1,2,0,2,1
3084,2015-08-17,2,6,20,21,27,36,31,,112,19,4 / 2,2 / 4,2,1,2,1,0
3083,2015-08-13,8,10,12,34,38,48,19,8 / 12,150,25,3 / 3,0 / 6,2,1,0,2,1
3082,2015-08-10,6,7,8,12,37,45,1,,115,19,4 / 2,3 / 3,3,1,0,1,1
3081,2015-08-06,11,15,20,33,38,40,8,,157,26,3 / 3,3 / 3,0,3,0,3,0
3080,2015-08-03,18,21,23,25,26,41,40,21 / 25,154,26,3 / 3,4 / 2,0,1,4,0,1
3079,2015-07-30,2,10,13,21,25,49,7,,120,20,4 / 2,4 / 2,2,1,2,0,1
3078,2015-07-27,6,9,40,42,43,46,37,,186,31,2 / 4,2 / 4,2,0,0,1,3
3077,2015-07-23,4,13,18,24,34,37,48,34,130,22,4 / 2,2 / 4,1,2,1,2,0
3076,2015-07-20,3,17,25,28,34,46,27,,153,26,2 / 4,3 / 3,1,1,2,1,1
3075,2015-07-16,2,10,30,32,42,48,19,42,164,27,2 / 4,0 / 6,2,0,1,1,2
3074,2015-07-13,31,33,34,35,37,42,6,33 / 42,212,35,0 / 6,4 / 2,0,0,0,5,1
3073,2015-07-09,5,24,33,38,42,44,49,,186,31,2 / 4,2 / 4,1,0,1,2,2
3072,2015-07-06,1,6,9,18,21,35,26,21,90,15,5 / 1,4 / 2,3,1,1,1,0
3071,2015-07-02,7,12,13,21,30,32,5,,115,19,4 / 2,3 / 3,1,2,2,1,0
3070,2015-06-29,2,14,15,26,29,31,8,14 / 29,117,20,3 / 3,3 / 3,1,2,2,1,0
3069,2015-06-25,14,29,36,38,39,41,20,,197,33,1 / 5,3 / 3,0,1,1,3,1
3068,2015-06-22,3,18,22,33,47,49,9,,172,29,3 / 3,4 / 2,1,1,1,1,2
3067,2015-06-18,5,20,28,35,39,46,15,,173,29,2 / 4,3 / 3,1,1,1,2,1
3066,2015-06-15,9,21,26,27,29,48,20,,160,27,2 / 4,4 / 2,1,0,4,0,1
3065,2015-06-11,7,11,13,16,38,46,41,38,131,22,4 / 2,3 / 3,1,3,0,1,1
3064,2015-06-08,20,31,35,38,42,49,46,,215,36,1 / 5,3 / 3,0,1,0,3,2
3063,2015-06-04,3,6,8,14,18,41,31,14,90,15,5 / 1,2 / 4,3,2,0,0,1
3062,2015-06-01,5,9,14,29,32,36,28,5,125,21,3 / 3,3 / 3,2,1,1,2,0
3061,2015-05-28,5,13,20,26,31,38,6,13 / 26,133,22,3 / 3,3 / 3,1,2,1,2,0
3060,2015-05-25,13,17,19,24,26,43,25,,142,24,4 / 2,4 / 2,0,3,2,0,1
3059,2015-05-21,6,20,22,35,36,41,8,41,160,27,3 / 3,2 / 4,1,1,1,2,1
3058,2015-05-18,17,23,32,33,41,45,15,17 / 45,191,32,2 / 4,5 / 1,0,1,1,2,2
3057,2015-05-14,8,17,19,45,47,48,14,,184,31,3 / 3,4 / 2,1,2,0,0,3
3056,2015-05-11,3,6,7,20,21,23,33,,80,13,6 / 0,4 / 2,3,1,2,0,0
3055,2015-05-07,8,10,17,24,32,43,26,17,134,22,4 / 2,2 / 4,2,1,1,1,1
3054,2015-05-04,6,11,17,22,25,36,42,,117,20,4 / 2,3 / 3,1,2,2,1,0
3053,2015-04-30,18,19,28,37,46,48,4,46,196,33,2 / 4,2 / 4,0,2,1,1,2
3052,2015-04-27,2,14,30,31,46,47,12,,170,28,2 / 4,2 / 4,1,1,1,1,2
3051,2015-04-23,1,9,15,28,42,45,40,9,140,23,3 / 3,4 / 2,2,1,1,0,2
3050,2015-04-20,9,16,17,25,27,36,7,,130,22,3 / 3,4 / 2,1,2,2,1,0
3049,2015-04-16,3,4,18,32,35,48,6,32,140,23,3 / 3,2 / 4,2,1,0,2,1
3048,2015-04-13,6,13,31,32,40,43,3,6 / 43,165,28,2 / 4,3 / 3,1,1,0,3,1
3047,2015-04-09,6,12,21,24,25,43,29,21,131,22,4 / 2,3 / 3,1,1,3,0,1
3046,2015-04-06,3,18,21,42,45,49,25,42,178,30,3 / 3,4 / 2,1,1,1,0,3
3045,2015-04-02,11,19,22,29,42,46,2,11,169,28,3 / 3,3 / 3,0,2,2,0,2
3044,2015-03-30,11,12,30,38,45,47,6,30 / 47,183,31,2 / 4,3 / 3,0,2,1,1,2
3043,2015-03-26,5,21,30,33,39,47,43,5,175,29,2 / 4,5 / 1,1,0,2,2,1
3042,2015-03-23,1,5,14,23,40,49,33,,132,22,4 / 2,4 / 2,2,1,1,1,1
3041,2015-03-19,3,15,26,29,38,45,49,45,156,26,2 / 4,4 / 2,1,1,2,1,1
3040,2015-03-16,7,10,19,41,43,45,31,19,165,28,3 / 3,5 / 1,2,1,0,0,3
3039,2015-03-12,14,15,19,20,36,47,10,47,151,25,4 / 2,3 / 3,0,4,0,1,1
3038,2015-03-09,9,11,38,39,44,47,3,11 / 38 / 44 / 47,188,31,2 / 4,4 / 2,1,1,0,2,2
3037,2015-03-05,5,10,11,38,44,47,20,44,155,26,3 / 3,3 / 3,2,1,0,1,2
3036,2015-03-02,7,12,24,27,35,44,20,,149,25,3 / 3,3 / 3,1,1,2,1,1
3035,2015-02-27,2,13,19,28,41,42,14,,145,24,3 / 3,3 / 3,1,2,1,0,2
3034,2015-02-23,1,5,14,18,24,26,29,,88,15,5 / 1,2 / 4,2,2,2,0,0
3033,2015-02-19,2,17,22,36,37,45,23,22 / 36 / 37,159,27,3 / 3,3 / 3,1,1,1,2,1
3032,2015-02-16,19,22,33,36,37,46,8,,193,32,2 / 4,3 / 3,0,1,1,3,1
3031,2015-02-12,12,13,26,32,42,47,39,32,172,29,2 / 4,2 / 4,0,2,1,1,2
3030,2015-02-09,4,15,22,31,32,36,6,31,140,23,3 / 3,2 / 4,1,1,1,3,0
3029,2015-02-05,8,10,25,31,45,48,2,8,167,28,2 / 4,3 / 3,2,0,1,1,2
3028,2015-02-02,8,18,20,29,39,41,38,,155,26,3 / 3,3 / 3,1,2,1,1,1
3027,2015-01-29,6,15,38,40,45,49,27,6,193,32,2 / 4,3 / 3,1,1,0,2,2
3026,2015-01-26,6,23,24,30,36,46,31,,165,28,3 / 3,1 / 5,1,0,3,1,1
3025,2015-01-22,5,12,26,31,40,47,25,31,161,27,2 / 4,3 / 3,1,1,1,2,1
3024,2015-01-19,21,24,25,31,33,36,13,33,170,28,2 / 4,4 / 2,0,0,3,3,0
3023,2015-01-15,2,3,9,16,33,37,46,,100,17,4 / 2,4 / 2,3,1,0,2,0
3022,2015-01-12,25,32,41,43,47,48,7,,236,39,0 / 6,4 / 2,0,0,1,1,4
3021,2015-01-08,5,7,9,15,34,38,21,34,108,18,4 / 2,4 / 2,3,1,0,2,0
3020,2015-01-05,1,22,27,34,35,37,20,1,156,26,2 / 4,4 / 2,1,0,2,3,0
3019,2015-01-01,1,4,18,31,48,49,21,14,151,25,3 / 3,3 / 3,2,1,0,1,2
3018,2014-12-29,1,4,27,42,44,47,18,1 / 42,165,28,2 / 4,3 / 3,2,0,1,0,3
3017,2014-12-25,1,5,15,24,25,42,46,5,112,19,4 / 2,4 / 2,2,1,2,0,1
3016,2014-12-22,5,10,19,32,38,44,12,,148,25,3 / 3,2 / 4,2,1,0,2,1
3015,2014-12-18,9,11,13,21,27,30,42,,111,19,4 / 2,5 / 1,1,2,3,0,0
3014,2014-12-15,5,12,16,22,26,46,23,26,127,21,4 / 2,1 / 5,1,2,2,0,1
3013,2014-12-11,19,26,33,37,38,40,12,,193,32,1 / 5,3 / 3,0,1,1,4,0
3012,2014-12-08,17,21,28,29,39,47,46,17,181,30,2 / 4,5 / 1,0,1,3,1,1
3011,2014-12-04,10,17,24,31,37,40,35,,159,27,3 / 3,3 / 3,1,1,1,3,0
3010,2014-12-01,1,6,7,23,30,45,16,,112,19,4 / 2,4 / 2,3,0,2,0,1
3009,2014-11-27,5,9,18,28,44,49,24,,153,26,3 / 3,3 / 3,2,1,1,0,2
3008,2014-11-24,4,6,14,20,36,43,35,36,123,21,4 / 2,1 / 5,2,2,0,1,1
3007,2014-11-20,2,3,5,19,25,36,16,2,90,15,4 / 2,4 / 2,3,1,1,1,0
3006,2014-11-17,2,10,11,15,40,46,8,15,124,21,4 / 2,2 / 4,2,2,0,1,1
3005,2014-11-13,9,15,17,23,27,49,3,,140,23,4 / 2,6 / 0,1,2,2,0,1
3004,2014-11-10,2,16,19,29,33,42,34,2,141,24,3 / 3,3 / 3,1,2,1,1,1
3003,2014-11-06,2,22,24,38,46,47,9,38 / 47,179,30,3 / 3,1 / 5,1,0,2,1,2
3002,2014-11-03,31,32,38,39,40,47,7,,227,38,0 / 6,3 / 3,0,0,0,5,1
3001,2014-10-30,12,19,26,42,45,46,23,42,190,32,2 / 4,2 / 4,0,2,1,0,3
3000,2014-10-27,5,20,27,38,42,44,41,5,176,29,2 / 4,2 / 4,1,1,1,1,2
2999,2014-10-23,5,22,25,28,33,34,32,,147,25,2 / 4,3 / 3,1,0,3,2,0
2998,2014-10-20,8,11,17,21,41,49,35,,147,25,4 / 2,5 / 1,1,2,1,0,2
2997,2014-10-16,4,9,31,34,40,44,35,31,162,27,2 / 4,2 / 4,2,0,0,3,1
2996,2014-10-13,19,28,31,43,45,48,41,28,214,36,1 / 5,4 / 2,0,1,1,1,3
2995,2014-10-09,11,12,25,28,34,47,15,12 / 25 / 34,157,26,2 / 4,3 / 3,0,2,2,1,1
2994,2014-10-06,5,12,13,25,33,34,45,,122,20,3 / 3,4 / 2,1,2,1,2,0
2993,2014-10-02,1,6,26,40,41,45,10,,159,27,2 / 4,3 / 3,2,0,1,1,2
2992,2014-09-29,8,13,21,22,28,37,12,21,129,22,4 / 2,3 / 3,1,1,3,1,0
2991,2014-09-25,12,15,21,26,29,36,7,29 / 36,139,23,3 / 3,3 / 3,0,2,3,1,0
2990,2014-09-22,9,17,18,27,29,36,31,,136,23,3 / 3,4 / 2,1,2,2,1,0
2989,2014-09-18,2,6,10,20,21,23,42,6,82,14,5 / 1,2 / 4,3,1,2,0,0
2988,2014-09-15,5,6,14,22,30,39,18,,116,19,4 / 2,2 / 4,2,1,2,1,0
2987,2014-09-11,2,13,18,19,33,36,23,,121,20,4 / 2,3 / 3,1,3,0,2,0
2986,2014-09-08,3,14,22,30,37,42,41,42,148,25,3 / 3,2 / 4,1,1,2,1,1
2985,2014-09-04,15,16,17,27,31,42,30,,148,25,3 / 3,4 / 2,0,3,1,1,1
2984,2014-09-01,4,9,32,37,40,44,10,,166,28,2 / 4,2 / 4,2,0,0,3,1
2983,2014-08-28,13,19,20,24,39,43,17,20,158,26,3 / 3,4 / 2,0,3,1,1,1
2982,2014-08-25,10,11,14,20,40,42,8,42,137,23,4 / 2,1 / 5,1,3,0,1,1
2981,2014-08-21,3,4,16,18,19,42,13,16 / 18 / 19,102,17,5 / 1,2 / 4,2,3,0,0,1
2980,2014-08-18,16,18,19,21,37,39,32,16 / 19,150,25,4 / 2,4 / 2,0,3,1,2,0
2979,2014-08-14,15,16,19,32,34,44,41,,160,27,3 / 3,2 / 4,0,3,0,2,1
2978,2014-08-11,1,7,9,24,25,31,28,,97,16,3 / 3,5 / 1,3,0,2,1,0
2977,2014-08-07,3,4,8,17,19,33,9,3,84,14,5 / 1,4 / 2,3,2,0,1,0
2976,2014-08-04,3,7,18,30,37,44,17,3 / 37,139,23,3 / 3,3 / 3,2,1,1,1,1
2975,2014-08-01,3,17,37,40,41,42,15,,180,30,2 / 4,4 / 2,1,1,0,2,2
2974,2014-07-28,11,12,16,22,23,27,10,16,111,19,4 / 2,3 / 3,0,3,3,0,0
2973,2014-07-24,1,5,16,34,38,45,13,,139,23,3 / 3,3 / 3,2,1,0,2,1
2972,2014-07-21,21,22,25,32,33,36,40,,169,28,2 / 4,3 / 3,0,0,3,3,0
2971,2014-07-17,6,11,20,28,35,38,34,6,138,23,3 / 3,2 / 4,1,2,1,2,0
2970,2014-07-14,2,3,6,19,23,24,31,,77,13,4 / 2,3 / 3,3,1,2,0,0
2969,2014-07-10,5,11,16,32,37,43,15,,144,24,3 / 3,4 / 2,1,2,0,2,1
2968,2014-07-07,9,21,29,38,44,45,10,,186,31,2 / 4,4 / 2,1,0,2,1,2
2967,2014-07-03,8,24,26,28,40,43,29,,169,28,1 / 5,1 / 5,1,0,3,1,1
2966,2014-06-30,2,9,11,12,22,37,26,,93,16,5 / 1,3 / 3,2,2,1,1,0
2965,2014-06-26,17,25,29,34,39,44,38,29,188,31,1 / 5,4 / 2,0,1,2,2,1
2964,2014-06-23,4,29,30,35,37,38,10,4,173,29,1 / 5,3 / 3,1,0,2,3,0
2963,2014-06-19,4,7,11,27,39,43,37,,131,22,3 / 3,5 / 1,2,1,1,1,1
2962,2014-06-16,1,19,22,31,34,44,43,31,151,25,3 / 3,3 / 3,1,1,1,2,1
2961,2014-06-12,8,13,29,31,39,40,21,40,160,27,2 / 4,4 / 2,1,1,1,3,0
2960,2014-06-09,10,12,14,26,33,40,6,,135,23,3 / 3,1 / 5,1,2,1,2,0
2959,2014-06-05,11,13,18,19,20,36,15,19,117,20,5 / 1,3 / 3,0,5,0,1,0
2958,2014-06-02,9,19,23,35,39,45,41,19,170,28,2 / 4,6 / 0,1,1,1,2,1
2957,2014-05-29,17,19,38,40,41,42,28,17,197,33,2 / 4,3 / 3,0,2,0,2,2
2956,2014-05-26,8,10,14,17,34,37,32,,120,20,4 / 2,2 / 4,2,2,0,2,0
2955,2014-05-23,1,7,13,24,28,38,32,,111,19,3 / 3,3 / 3,2,1,2,1,0
2954,2014-05-19,5,8,18,31,32,42,34,58,136,23,3 / 3,2 / 4,2,1,0,2,1
2953,2014-05-15,5,8,21,26,27,43,15,43,130,22,3 / 3,4 / 2,2,0,3,0,1
2952,2014-05-12,2,3,9,23,28,43,41,,108,18,3 / 3,4 / 2,3,0,2,0,1
2951,2014-05-08,1,11,18,32,34,41,45,,137,23,3 / 3,3 / 3,1,2,0,2,1
2950,2014-05-05,4,7,15,27,37,42,3,,132,22,3 / 3,4 / 2,2,1,1,1,1
2949,2014-05-01,6,10,11,13,29,45,23,6 / 13,114,19,4 / 2,4 / 2,2,2,1,0,1
2948,2014-04-28,4,6,13,17,32,35,11,,107,18,4 / 2,3 / 3,2,2,0,2,0
2947,2014-04-24,5,8,20,27,39,40,42,,139,23,3 / 3,3 / 3,2,1,1,2,0
2946,2014-04-21,3,7,10,21,32,38,22,21,111,19,4 / 2,3 / 3,3,0,1,2,0
2945,2014-04-17,8,11,16,21,33,40,5,21,129,22,4 / 2,3 / 3,1,2,1,2,0
2944,2014-04-14,15,18,21,27,32,45,11,18,158,26,3 / 3,4 / 2,0,2,2,1,1
2943,2014-04-10,14,18,19,34,35,36,17,,156,26,3 / 3,2 / 4,0,3,0,3,0
2942,2014-04-07,5,12,20,25,26,39,1,,127,21,3 / 3,3 / 3,1,2,2,1,0
2941,2014-04-03,10,11,17,19,27,37,24,10 / 11,121,20,4 / 2,5 / 1,1,3,1,1,0
2940,2014-03-31,5,10,11,23,41,43,24,5,133,22,3 / 3,5 / 1,2,1,1,0,2
2939,2014-03-27,5,8,9,15,16,21,26,16,74,12,6 / 0,4 / 2,3,2,1,0,0
2938,2014-03-24,1,4,10,16,36,42,44,,109,18,4 / 2,1 / 5,3,1,0,1,1
2937,2014-03-20,3,7,11,21,25,33,39,,100,17,4 / 2,6 / 0,2,1,2,1,0
2936,2014-03-17,1,8,14,28,32,38,5,,121,20,3 / 3,1 / 5,2,1,1,2,0
2935,2014-03-13,3,7,20,36,39,45,6,,150,25,3 / 3,4 / 2,2,1,0,2,1
2934,2014-03-10,13,15,21,29,31,33,5,29,142,24,3 / 3,6 / 0,0,2,2,2,0
2933,2014-03-06,4,7,8,24,29,42,26,4 / 29,114,19,3 / 3,2 / 4,3,0,2,0,1
2932,2014-03-03,2,4,18,29,30,44,21,44,127,21,3 / 3,1 / 5,2,1,2,0,1
2931,2014-02-27,13,33,37,40,41,44,10,13,208,35,1 / 5,4 / 2,0,1,0,3,2
2930,2014-02-24,5,13,15,16,21,28,34,15,98,16,5 / 1,4 / 2,1,3,2,0,0
2929,2014-02-20,14,15,20,23,33,44,34,,149,25,3 / 3,3 / 3,0,3,1,1,1
2928,2014-02-17,1,4,5,12,30,45,9,4 / 12,97,16,4 / 2,3 / 3,3,1,1,0,1
2927,2014-02-14,4,6,12,20,29,35,31,4,106,18,4 / 2,2 / 4,2,2,1,1,0
2926,2014-02-10,4,10,15,17,22,31,11,22,99,17,5 / 1,3 / 3,2,2,1,1,0
2925,2014-02-06,5,14,22,27,40,43,4,14 / 22,151,25,3 / 3,3 / 3,1,1,2,1,1
2924,2014-02-03,6,14,22,31,36,44,32,,153,26,3 / 3,1 / 5,1,1,1,2,1
2923,2014-01-30,5,12,20,32,37,38,26,,144,24,3 / 3,2 / 4,1,2,0,3,0
2922,2014-01-27,6,24,27,29,40,43,4,43,169,28,1 / 5,3 / 3,1,0,3,1,1
2921,2014-01-24,2,8,11,16,36,43,19,36,116,19,4 / 2,2 / 4,2,2,0,1,1
2920,2014-01-20,1,12,27,32,33,36,26,27,141,24,2 / 4,3 / 3,1,1,1,3,0
2919,2014-01-16,26,27,34,39,41,45,28,45,212,35,0 / 6,4 / 2,0,0,2,2,2
2918,2014-01-13,3,25,33,36,42,45,10,33 / 36,184,31,1 / 5,4 / 2,1,0,1,2,2
2917,2014-01-09,4,7,8,33,36,43,9,,131,22,3 / 3,3 / 3,3,0,0,2,1
2916,2014-01-06,10,17,27,28,42,45,23,10,169,28,2 / 4,3 / 3,1,1,2,0,2
2915,2014-01-03,10,11,31,37,39,43,22,,171,29,2 / 4,5 / 1,1,1,0,3,1
2914,2013-12-30,14,17,27,28,32,36,41,,154,26,2 / 4,2 / 4,0,2,2,2,0
2913,2013-12-26,2,18,20,38,43,44,28,,165,28,3 / 3,1 / 5,1,2,0,1,2
2912,2013-12-23,3,5,9,23,25,31,14,,96,16,3 / 3,6 / 0,3,0,2,1,0
2911,2013-12-19,8,11,15,27,32,43,6,27,136,23,3 / 3,4 / 2,1,2,1,1,1
2910,2013-12-16,14,17,25,27,28,40,9,,151,25,2 / 4,3 / 3,0,2,3,1,0
2909,2013-12-12,3,5,23,31,34,39,17,23,135,23,2 / 4,5 / 1,2,0,1,3,0
2908,2013-12-09,2,8,15,22,23,25,16,15 / 23,95,16,4 / 2,3 / 3,2,1,3,0,0
2907,2013-12-05,15,20,23,40,42,44,22,,184,31,2 / 4,2 / 4,0,2,1,1,2
2906,2013-12-02,1,13,16,22,27,33,38,,112,19,4 / 2,4 / 2,1,2,2,1,0
2905,2013-11-28,15,20,21,28,35,43,39,28,162,27,3 / 3,4 / 2,0,2,2,1,1
2904,2013-11-25,4,17,24,28,41,42,43,,156,26,2 / 4,2 / 4,1,1,2,0,2
2903,2013-11-21,8,9,12,18,22,32,6,22,101,17,5 / 1,1 / 5,2,2,1,1,0
2902,2013-11-18,5,7,13,19,22,45,18,5,111,19,5 / 1,5 / 1,2,2,1,0,1
2901,2013-11-14,1,5,9,28,30,39,16,,112,19,3 / 3,4 / 2,3,0,2,1,0
2900,2013-11-11,8,13,16,26,29,42,40,16 / 29,134,22,3 / 3,2 / 4,1,2,2,0,1
2899,2013-11-07,4,16,18,24,28,29,45,24,119,20,3 / 3,1 / 5,1,2,3,0,0
2898,2013-11-04,15,21,24,34,37,44,29,34,175,29,2 / 4,3 / 3,0,1,2,2,1
2897,2013-10-31,2,6,10,27,31,34,20,31,110,18,3 / 3,2 / 4,3,0,1,2,0
2896,2013-10-28,1,11,22,28,31,32,8,1 / 31,125,21,3 / 3,3 / 3,1,1,2,2,0
2895,2013-10-24,1,16,31,38,39,45,8,45,170,28,2 / 4,4 / 2,1,1,0,3,1
2894,2013-10-21,2,7,11,19,42,45,3,42,126,21,4 / 2,4 / 2,2,2,0,0,2
2893,2013-10-17,12,16,28,30,31,42,36,,159,27,2 / 4,1 / 5,0,2,2,1,1
2892,2013-10-14,1,6,11,23,37,44,19,44,122,20,3 / 3,4 / 2,2,1,1,1,1
2891,2013-10-10,12,13,17,25,34,44,29,44,145,24,3 / 3,3 / 3,0,3,1,1,1
2890,2013-10-07,8,22,32,36,39,44,4,,181,30,2 / 4,1 / 5,1,0,1,3,1
2889,2013-10-03,2,19,21,24,25,41,29,25,132,22,3 / 3,4 / 2,1,1,3,0,1
2888,2013-09-30,4,12,25,26,36,40,39,,143,24,2 / 4,1 / 5,1,1,2,2,0
2887,2013-09-26,6,14,15,27,31,32,16,,125,21,3 / 3,3 / 3,1,2,1,2,0
2886,2013-09-23,1,16,18,21,36,41,7,,133,22,4 / 2,3 / 3,1,2,1,1,1
2885,2013-09-19,3,7,9,14,19,35,20,,87,15,5 / 1,5 / 1,3,2,0,1,0
2884,2013-09-16,1,11,13,15,21,22,33,,83,14,6 / 0,5 / 1,1,3,2,0,0
2883,2013-09-12,2,5,9,17,31,44,4,44,108,18,4 / 2,4 / 2,3,1,0,1,1
2882,2013-09-09,6,8,23,28,41,44,24,8 / 41,150,25,2 / 4,2 / 4,2,0,2,0,2
2881,2013-09-05,8,19,20,27,41,45,21,41 / 45,160,27,3 / 3,4 / 2,1,2,1,0,2
2880,2013-09-02,7,21,29,31,41,45,9,7,174,29,2 / 4,6 / 0,1,0,2,1,2
2879,2013-08-29,7,8,13,14,28,44,16,7,114,19,4 / 2,2 / 4,2,2,1,0,1
2878,2013-08-26,4,7,11,22,29,38,6,38,111,19,4 / 2,3 / 3,2,1,2,1,0
2877,2013-08-22,15,16,30,34,38,42,1,30,175,29,2 / 4,1 / 5,0,2,1,2,1
2876,2013-08-19,14,19,26,30,41,45,38,19 / 26,175,29,2 / 4,3 / 3,0,2,2,0,2
2875,2013-08-15,6,7,19,26,31,33,35,,122,20,3 / 3,4 / 2,2,1,1,2,0
2874,2013-08-12,10,12,14,28,36,40,34,,140,23,3 / 3,0 / 6,1,2,1,2,0
2873,2013-08-08,18,25,27,33,42,43,23,,188,31,1 / 5,4 / 2,0,1,2,1,2
2872,2013-08-05,1,11,24,31,32,36,38,36,135,23,2 / 4,3 / 3,1,1,1,3,0
2871,2013-08-02,9,26,33,36,38,42,1,9,184,31,1 / 5,2 / 4,1,0,1,3,1
2870,2013-07-29,9,12,22,23,31,37,17,,134,22,3 / 3,4 / 2,1,1,2,2,0
2869,2013-07-25,1,11,25,39,41,44,2,,161,27,2 / 4,5 / 1,1,1,1,1,2
2868,2013-07-22,15,19,23,31,40,45,34,45,173,29,2 / 4,5 / 1,0,2,1,2,1
2867,2013-07-18,6,25,28,43,44,45,42,45,191,32,1 / 5,3 / 3,1,0,2,0,3
2866,2013-07-15,10,11,19,22,34,45,31,10,141,24,4 / 2,3 / 3,1,2,1,1,1
2865,2013-07-11,9,10,14,15,18,42,31,9 / 14 / 18,108,18,5 / 1,2 / 4,2,3,0,0,1
2864,2013-07-08,9,14,18,20,32,34,45,,127,21,4 / 2,1 / 5,1,3,0,2,0
2863,2013-07-04,7,23,27,35,41,43,29,35,176,29,1 / 5,6 / 0,1,0,2,1,2
2862,2013-07-01,2,12,15,28,35,38,41,12,130,22,3 / 3,2 / 4,1,2,1,2,0
2861,2013-06-27,12,19,21,22,26,29,39,,129,22,4 / 2,3 / 3,0,2,4,0,0
2860,2013-06-24,15,17,32,36,37,42,44,37,179,30,2 / 4,3 / 3,0,2,0,3,1
2859,2013-06-20,4,5,11,26,37,45,39,5,128,21,3 / 3,4 / 2,2,1,1,1,1
2858,2013-06-17,5,16,30,32,33,41,14,,157,26,2 / 4,3 / 3,1,1,1,2,1
2857,2013-06-13,7,11,25,36,37,38,35,11 / 38,154,26,2 / 4,4 / 2,1,1,1,3,0
2856,2013-06-10,11,13,23,29,31,38,21,11,145,24,2 / 4,5 / 1,0,2,2,2,0
2855,2013-06-06,11,14,16,30,32,34,19,16,137,23,3 / 3,1 / 5,0,3,1,2,0
2854,2013-06-03,2,16,18,19,25,38,23,,118,20,4 / 2,2 / 4,1,3,1,1,0
2853,2013-05-30,4,9,26,27,37,44,12,9,147,25,2 / 4,3 / 3,2,0,2,1,1
2852,2013-05-27,9,13,18,19,23,28,1,13 / 19,110,18,4 / 2,4 / 2,1,3,2,0,0
2851,2013-05-23,7,13,17,19,20,26,5,7,102,17,5 / 1,4 / 2,1,4,1,0,0
2850,2013-05-20,1,7,10,23,25,35,18,,101,17,3 / 3,5 / 1,3,0,2,1,0
2849,2013-05-17,8,14,22,30,34,41,1,,149,25,3 / 3,1 / 5,1,1,2,1,1
2848,2013-05-13,1,5,7,24,27,45,3,24,109,18,3 / 3,5 / 1,3,0,2,0,1
2847,2013-05-09,2,12,22,24,31,34,10,22 / 34,125,21,3 / 3,1 / 5,1,1,2,2,0
2846,2013-05-06,4,9,14,19,22,34,35,22,102,17,5 / 1,2 / 4,2,2,1,1,0
2845,2013-05-02,1,12,20,22,31,43,27,22,129,22,4 / 2,3 / 3,1,2,1,1,1
2844,2013-04-29,4,15,17,19,22,23,26,17,100,17,5 / 1,4 / 2,1,3,2,0,0
2843,2013-04-25,3,12,17,27,28,43,45,,130,22,3 / 3,4 / 2,1,2,2,0,1
2842,2013-04-22,6,11,22,31,36,41,5,11,147,25,3 / 3,3 / 3,1,1,1,2,1
2841,2013-04-18,1,11,13,24,26,44,5,26,119,20,3 / 3,3 / 3,1,2,2,0,1
2840,2013-04-15,10,26,27,32,38,42,11,27,175,29,1 / 5,1 / 5,1,0,2,2,1
2839,2013-04-11,2,3,15,27,41,45,17,,133,22,3 / 3,5 / 1,2,1,1,0,2
2838,2013-04-08,12,20,28,31,32,40,27,,163,27,2 / 4,1 / 5,0,2,1,3,0
2837,2013-04-04,16,19,22,27,36,39,12,,159,27,3 / 3,3 / 3,0,2,2,2,0
2836,2013-04-01,8,10,15,21,28,40,26,,122,20,4 / 2,2 / 4,2,1,2,1,0
2835,2013-03-28,24,30,33,35,37,38,17,38,197,33,0 / 6,3 / 3,0,0,2,4,0
2834,2013-03-25,22,23,38,41,44,45,39,38 / 45,213,36,1 / 5,3 / 3,0,0,2,1,3
2833,2013-03-21,3,31,35,36,38,45,29,,188,31,1 / 5,4 / 2,1,0,0,4,1
2832,2013-03-18,2,6,8,23,27,39,4,8,105,18,3 / 3,3 / 3,3,0,2,1,0
2831,2013-03-14,8,9,13,16,22,43,24,,111,19,5 / 1,3 / 3,2,2,1,0,1
2830,2013-03-11,2,3,14,15,33,40,45,,107,18,4 / 2,3 / 3,2,2,0,2,0
2829,2013-03-07,16,20,22,25,26,27,18,20,136,23,3 / 3,2 / 4,0,2,4,0,0
2828,2013-03-04,1,11,14,20,23,36,27,1,105,18,4 / 2,3 / 3,1,3,1,1,0
2827,2013-02-28,1,10,15,34,38,41,25,10,139,23,3 / 3,3 / 3,2,1,0,2,1
2826,2013-02-25,5,6,10,21,26,37,1,,105,18,4 / 2,3 / 3,3,0,2,1,0
2825,2013-02-22,16,18,23,25,29,34,26,,145,24,2 / 4,3 / 3,0,2,3,1,0
2824,2013-02-18,4,8,14,24,31,35,45,31,116,19,3 / 3,2 / 4,2,1,1,2,0
2823,2013-02-14,6,25,28,31,38,44,23,,172,29,1 / 5,2 / 4,1,0,2,2,1
2822,2013-02-11,1,4,15,18,33,42,38,,113,19,4 / 2,3 / 3,2,2,0,1,1
2821,2013-02-08,8,10,11,25,27,43,2,,124,21,3 / 3,4 / 2,2,1,2,0,1
2820,2013-02-04,7,9,16,24,39,40,18,,135,23,3 / 3,3 / 3,2,1,1,2,0
2819,2013-01-31,3,5,36,37,42,43,17,,166,28,2 / 4,4 / 2,2,0,0,2,2
2818,2013-01-28,22,23,27,29,32,38,16,38,171,29,1 / 5,3 / 3,0,0,4,2,0
2817,2013-01-24,11,20,24,38,39,44,17,,176,29,2 / 4,2 / 4,0,2,1,2,1
2816,2013-01-21,3,4,6,29,33,35,41,,110,18,3 / 3,4 / 2,3,0,1,2,0
2815,2013-01-17,7,10,24,26,27,31,20,,125,21,2 / 4,3 / 3,2,0,3,1,0
2814,2013-01-14,13,23,30,36,40,43,41,43,185,31,1 / 5,3 / 3,0,1,2,2,1
2813,2013-01-10,4,21,26,38,41,43,16,26 / 38,173,29,2 / 4,3 / 3,1,0,2,1,2
2812,2013-01-07,11,12,16,22,26,38,31,,125,21,4 / 2,1 / 5,0,3,2,1,0
2811,2013-01-03,19,30,35,42,44,45,1,42 / 45,215,36,1 / 5,3 / 3,0,1,1,1,3
2810,2012-12-31,4,14,25,34,42,45,17,,164,27,2 / 4,2 / 4,1,1,1,1,2
2809,2012-12-27,17,20,22,30,36,37,16,,162,27,3 / 3,2 / 4,0,2,2,2,0
2808,2012-12-24,7,10,11,12,16,42,8,42,98,16,5 / 1,2 / 4,2,3,0,0,1
2807,2012-12-20,18,22,25,26,42,44,5,26 / 44,177,30,2 / 4,1 / 5,0,1,3,0,2
2806,2012-12-17,9,20,24,26,40,44,22,26,163,27,2 / 4,1 / 5,1,1,2,1,1
2805,2012-12-13,8,12,15,26,33,42,2,15 / 42,136,23,3 / 3,2 / 4,1,2,1,1,1
2804,2012-12-10,15,19,24,29,31,42,3,,160,27,2 / 4,4 / 2,0,2,2,1,1
2803,2012-12-06,3,6,10,13,23,27,17,27,82,14,4 / 2,4 / 2,3,1,2,0,0
2802,2012-12-03,14,22,27,31,33,34,1,,161,27,2 / 4,3 / 3,0,1,2,3,0
2801,2012-11-29,4,7,9,10,23,30,42,,83,14,4 / 2,3 / 3,4,0,2,0,0
2800,2012-11-26,2,12,17,29,34,39,23,,133,22,3 / 3,3 / 3,1,2,1,2,0
2799,2012-11-22,1,3,13,22,24,42,41,22,105,18,4 / 2,3 / 3,2,1,2,0,1
2798,2012-11-19,11,15,22,30,32,33,19,30,143,24,3 / 3,3 / 3,0,2,2,2,0
2797,2012-11-15,13,20,21,30,40,42,29,,166,28,3 / 3,2 / 4,0,2,2,1,1
2796,2012-11-12,9,14,18,19,25,33,32,19,118,20,4 / 2,4 / 2,1,3,1,1,0
2795,2012-11-08,3,7,19,38,41,43,12,,151,25,3 / 3,5 / 1,2,1,0,1,2
2794,2012-11-05,4,9,13,17,20,29,40,13,92,15,5 / 1,4 / 2,2,3,1,0,0
2793,2012-11-01,10,13,15,27,34,41,31,15,140,23,3 / 3,4 / 2,1,2,1,1,1
2792,2012-10-29,14,15,21,24,25,36,42,21,135,23,3 / 3,3 / 3,0,2,3,1,0
2791,2012-10-25,9,17,21,28,37,40,30,28,152,25,3 / 3,4 / 2,1,1,2,2,0
2790,2012-10-22,12,14,18,23,28,41,1,,136,23,3 / 3,2 / 4,0,3,2,0,1
2789,2012-10-18,2,5,22,26,34,36,6,,125,21,3 / 3,1 / 5,2,0,2,2,0
2788,2012-10-15,1,17,31,37,38,45,26,,169,28,2 / 4,5 / 1,1,1,0,3,1
2787,2012-10-11,5,6,22,25,27,33,17,27,118,20,3 / 3,4 / 2,2,0,3,1,0
2786,2012-10-08,11,14,17,18,27,32,35,,119,20,4 / 2,3 / 3,0,4,1,1,0
2785,2012-10-04,6,13,30,33,38,41,43,,161,27,2 / 4,3 / 3,1,1,1,2,1
2784,2012-10-01,3,7,8,16,21,24,26,,79,13,5 / 1,3 / 3,3,1,2,0,0
2783,2012-09-27,9,11,30,38,39,43,40,,170,28,2 / 4,4 / 2,1,1,1,2,1
2782,2012-09-24,5,7,10,34,36,37,32,37,129,22,3 / 3,3 / 3,3,0,0,3,0
2781,2012-09-20,13,20,22,25,33,37,41,,150,25,3 / 3,4 / 2,0,2,2,2,0
2780,2012-09-17,8,21,32,35,39,43,18,,178,30,2 / 4,4 / 2,1,0,1,3,1
2779,2012-09-13,3,14,17,22,31,44,9,,131,22,4 / 2,3 / 3,1,2,1,1,1
2778,2012-09-10,5,8,12,27,35,39,17,,126,21,3 / 3,4 / 2,2,1,1,2,0
2777,2012-09-06,4,7,9,11,21,45,27,,97,16,5 / 1,5 / 1,3,1,1,0,1
2776,2012-09-03,6,23,31,35,37,39,8,37,171,29,1 / 5,5 / 1,1,0,1,4,0
2775,2012-08-30,7,30,37,42,44,45,31,7 / 42,205,34,1 / 5,3 / 3,1,0,1,1,3
2774,2012-08-27,7,9,10,19,22,42,32,22,109,18,5 / 1,3 / 3,3,1,1,0,1
2773,2012-08-23,6,22,24,25,31,37,29,,145,24,2 / 4,3 / 3,1,0,3,2,0
2772,2012-08-20,10,20,26,28,41,44,15,26,169,28,2 / 4,1 / 5,1,1,2,0,2
2771,2012-08-16,4,11,17,22,26,32,10,32,112,19,4 / 2,2 / 4,1,2,2,1,0
2770,2012-08-13,20,27,32,40,41,44,22,41,204,34,1 / 5,2 / 4,0,1,1,2,2
2769,2012-08-09,1,4,6,12,25,41,16,,89,15,4 / 2,3 / 3,3,1,1,0,1
2768,2012-08-06,10,15,22,28,30,40,25,15,145,24,3 / 3,1 / 5,1,1,3,1,0
2767,2012-08-02,4,8,12,15,23,27,26,,89,15,4 / 2,3 / 3,2,2,2,0,0
2766,2012-07-30,11,28,32,37,43,45,13,32,196,33,1 / 5,4 / 2,0,1,1,2,2
2765,2012-07-26,1,8,22,25,32,36,34,1,124,21,3 / 3,2 / 4,2,0,2,2,0
2764,2012-07-23,1,4,21,23,39,44,42,4 / 39,132,22,3 / 3,4 / 2,2,0,2,1,1
2763,2012-07-20,4,31,33,37,39,45,41,33,189,32,1 / 5,5 / 1,1,0,0,4,1
2762,2012-07-16,5,12,17,18,33,40,15,,125,21,4 / 2,3 / 3,1,3,0,2,0
2761,2012-07-12,2,3,19,21,23,45,25,45,113,19,4 / 2,5 / 1,2,1,2,0,1
2760,2012-07-09,9,16,22,26,33,45,43,33,151,25,3 / 3,3 / 3,1,1,2,1,1
2759,2012-07-05,29,33,34,37,42,44,17,29,219,37,0 / 6,3 / 3,0,0,1,3,2
2758,2012-07-02,7,10,12,29,35,38,8,12,131,22,3 / 3,3 / 3,2,1,1,2,0
2757,2012-06-28,12,15,16,21,25,26,8,,115,19,4 / 2,3 / 3,0,3,3,0,0
2756,2012-06-25,8,18,19,30,31,38,14,8 / 18,144,24,3 / 3,2 / 4,1,2,1,2,0
2755,2012-06-21,6,8,10,14,18,21,43,8,77,13,6 / 0,1 / 5,3,2,1,0,0
2754,2012-06-18,1,2,8,9,16,33,12,16,69,12,5 / 1,3 / 3,4,1,0,1,0
2753,2012-06-14,16,17,25,27,28,35,45,35,148,25,2 / 4,4 / 2,0,2,3,1,0
2752,2012-06-11,1,3,9,11,35,38,6,,97,16,4 / 2,5 / 1,3,1,0,2,0
2751,2012-06-07,5,8,19,20,23,30,16,20,105,18,4 / 2,3 / 3,2,2,2,0,0
2750,2012-06-04,11,12,17,20,40,41,10,,141,24,4 / 2,3 / 3,0,4,0,1,1
2749,2012-05-31,7,13,15,19,38,43,14,43,135,23,4 / 2,5 / 1,1,3,0,1,1
2748,2012-05-28,5,8,17,22,35,43,1,22,130,22,4 / 2,4 / 2,2,1,1,1,1
2747,2012-05-24,13,22,30,31,34,38,6,34,168,28,2 / 4,2 / 4,0,1,2,3,0
2746,2012-05-21,4,7,27,34,36,42,11,,150,25,2 / 4,2 / 4,2,0,1,2,1
2745,2012-05-18,9,17,18,32,33,44,4,,153,26,3 / 3,3 / 3,1,2,0,2,1
2744,2012-05-14,8,14,22,24,29,41,43,8 / 22,138,23,3 / 3,2 / 4,1,1,3,0,1
2743,2012-05-10,8,9,11,20,22,38,5,8,108,18,5 / 1,2 / 4,2,2,1,1,0
2742,2012-05-07,8,12,28,29,32,42,24,,151,25,2 / 4,1 / 5,1,1,2,1,1
2741,2012-05-03,2,3,9,13,14,39,8,,80,13,5 / 1,4 / 2,3,2,0,1,0
2740,2012-04-30,5,15,29,36,37,45,25,,167,28,2 / 4,5 / 1,1,1,1,2,1
2739,2012-04-26,4,9,14,26,30,43,12,9,126,21,3 / 3,2 / 4,2,1,2,0,1
2738,2012-04-23,1,9,10,15,17,34,19,9 / 15,86,14,5 / 1,4 / 2,3,2,0,1,0
2737,2012-04-19,9,15,18,21,26,30,39,,119,20,4 / 2,3 / 3,1,2,3,0,0
2736,2012-04-16,1,11,27,37,43,44,12,,163,27,2 / 4,5 / 1,1,1,1,1,2
2735,2012-04-12,22,31,34,36,38,39,43,,200,33,1 / 5,2 / 4,0,0,1,5,0
2734,2012-04-09,1,2,19,24,42,45,32,,133,22,3 / 3,3 / 3,2,1,1,0,2
2733,2012-04-05,12,13,17,36,43,44,41,44,165,28,3 / 3,3 / 3,0,3,0,1,2
2732,2012-04-02,1,18,21,31,42,44,28,1,157,26,3 / 3,3 / 3,1,1,1,1,2
2731,2012-03-29,1,19,33,36,37,40,5,40,166,28,2 / 4,4 / 2,1,1,0,4,0
2730,2012-03-26,2,4,5,15,30,40,1,,96,16,4 / 2,2 / 4,3,1,1,1,0
2729,2012-03-22,7,12,21,34,39,42,14,,155,26,3 / 3,3 / 3,1,1,1,2,1
2728,2012-03-19,6,8,13,19,23,29,44,8,98,16,4 / 2,4 / 2,2,2,2,0,0
2727,2012-03-15,2,8,15,21,27,35,7,,108,18,4 / 2,4 / 2,2,1,2,1,0
2726,2012-03-12,1,11,20,25,26,36,33,11,119,20,3 / 3,3 / 3,1,2,2,1,0
2725,2012-03-08,5,11,38,39,41,45,1,,179,30,2 / 4,5 / 1,1,1,0,2,2
2724,2012-03-05,8,13,17,25,27,29,11,17,119,20,3 / 3,5 / 1,1,2,3,0,0
2723,2012-03-01,11,12,17,23,30,31,41,17,124,21,3 / 3,4 / 2,0,3,2,1,0
2722,2012-02-27,9,14,17,32,33,45,7,,150,25,3 / 3,4 / 2,1,2,0,2,1
2721,2012-02-23,12,20,25,38,43,44,15,20,182,30,2 / 4,2 / 4,0,2,1,1,2
2720,2012-02-20,2,17,20,33,36,37,42,20,145,24,3 / 3,3 / 3,1,2,0,3,0
2719,2012-02-16,12,13,20,21,24,35,30,,125,21,4 / 2,3 / 3,0,3,2,1,0
2718,2012-02-13,4,7,9,17,18,23,33,9,78,13,5 / 1,4 / 2,3,2,1,0,0
2717,2012-02-09,8,9,12,31,44,45,23,9,149,25,3 / 3,3 / 3,2,1,0,1,2
2716,2012-02-06,3,4,5,9,24,29,7,3,74,12,4 / 2,4 / 2,4,0,2,0,0
2715,2012-02-03,3,19,21,27,33,34,8,33,137,23,3 / 3,5 / 1,1,1,2,2,0
2714,2012-01-30,14,17,32,33,38,41,27,,175,29,2 / 4,3 / 3,0,2,0,3,1
2713,2012-01-26,4,5,15,16,34,40,14,5 / 15,114,19,4 / 2,2 / 4,2,2,0,2,0
2712,2012-01-23,5,15,17,29,31,33,32,,130,22,3 / 3,6 / 0,1,2,1,2,0
2711,2012-01-20,7,18,26,41,43,44,45,,179,30,2 / 4,3 / 3,1,1,1,0,3
2710,2012-01-16,14,27,28,29,36,40,19,,174,29,1 / 5,2 / 4,0,1,3,2,0
2709,2012-01-12,4,16,18,22,23,43,25,22 / 43,126,21,4 / 2,2 / 4,1,2,2,0,1
2708,2012-01-09,9,12,21,22,28,43,33,,135,23,4 / 2,3 / 3,1,1,3,0,1
2707,2012-01-05,5,7,15,24,27,33,45,,111,19,3 / 3,5 / 1,2,1,2,1,0
2706,2012-01-02,3,20,30,36,37,43,22,,169,28,2 / 4,3 / 3,1,1,1,2,1
2705,2011-12-29,13,17,21,22,24,45,26,13,142,24,4 / 2,4 / 2,0,2,3,0,1
2704,2011-12-26,1,3,13,36,41,42,37,,136,23,3 / 3,4 / 2,2,1,0,1,2
2703,2011-12-22,7,9,26,33,39,40,30,40,154,26,2 / 4,4 / 2,2,0,1,3,0
2702,2011-12-19,3,10,37,38,40,41,21,,169,28,2 / 4,3 / 3,2,0,0,3,1
2701,2011-12-15,4,6,15,16,20,36,35,20,97,16,5 / 1,1 / 5,2,3,0,1,0
2700,2011-12-12,2,10,20,28,33,35,16,,128,21,3 / 3,2 / 4,2,1,1,2,0
2699,2011-12-08,3,5,7,17,41,45,30,,118,20,4 / 2,6 / 0,3,1,0,0,2
2698,2011-12-05,4,10,21,22,27,32,44,27,116,19,4 / 2,2 / 4,2,0,3,1,0
2697,2011-12-01,5,7,27,36,38,44,15,7 / 36,157,26,2 / 4,3 / 3,2,0,1,2,1
2696,2011-11-28,7,19,20,24,33,36,6,20,139,23,3 / 3,3 / 3,1,2,1,2,0
2695,2011-11-24,13,20,32,41,43,44,21,13,193,32,2 / 4,3 / 3,0,2,0,1,3
2694,2011-11-21,6,13,17,26,36,39,7,36,137,23,3 / 3,3 / 3,1,2,1,2,0
2693,2011-11-17,12,19,23,30,36,41,10,,161,27,2 / 4,3 / 3,0,2,2,1,1
2692,2011-11-14,1,4,11,34,35,43,41,11 / 34,128,21,3 / 3,4 / 2,2,1,0,2,1
2691,2011-11-10,11,18,27,30,34,44,12,27,164,27,2 / 4,2 / 4,0,2,2,1,1
2690,2011-11-07,12,13,19,20,27,28,40,12,119,20,4 / 2,3 / 3,0,4,2,0,0
2689,2011-11-03,8,12,24,39,40,41,23,24,164,27,2 / 4,2 / 4,1,1,1,2,1
2688,2011-10-31,4,7,18,23,24,35,33,18,111,19,3 / 3,3 / 3,2,1,2,1,0
2687,2011-10-27,12,18,27,28,32,42,26,27 / 42,159,27,2 / 4,1 / 5,0,2,2,1,1
2686,2011-10-24,4,24,27,37,40,42,22,,174,29,1 / 5,2 / 4,1,0,2,2,1
2685,2011-10-20,5,7,21,35,38,45,24,,151,25,3 / 3,5 / 1,2,0,1,2,1
2684,2011-10-17,9,23,24,28,31,33,20,28,148,25,1 / 5,4 / 2,1,0,3,2,0
2683,2011-10-13,16,20,21,28,32,36,26,,153,26,3 / 3,1 / 5,0,2,2,2,0
2682,2011-10-10,5,11,15,19,34,35,41,19,119,20,4 / 2,5 / 1,1,3,0,2,0
2681,2011-10-06,1,13,19,21,23,37,10,1,114,19,4 / 2,6 / 0,1,2,2,1,0
2680,2011-10-03,1,18,31,32,36,43,16,,161,27,2 / 4,3 / 3,1,1,0,3,1
2679,2011-09-29,7,11,12,16,34,41,38,,121,20,4 / 2,3 / 3,1,3,0,1,1
2678,2011-09-26,8,15,17,21,33,37,18,21 / 37,131,22,4 / 2,5 / 1,1,2,1,2,0
2677,2011-09-22,2,11,21,36,37,44,24,2 / 44,151,25,3 / 3,3 / 3,1,1,1,2,1
2676,2011-09-19,2,9,13,17,29,44,27,,114,19,4 / 2,4 / 2,2,2,1,0,1
2675,2011-09-15,7,8,15,23,27,36,16,,116,19,3 / 3,4 / 2,2,1,2,1,0
2674,2011-09-12,6,9,17,20,24,26,28,24,102,17,4 / 2,2 / 4,2,2,2,0,0
2673,2011-09-09,2,5,14,24,28,36,18,,109,18,3 / 3,1 / 5,2,1,2,1,0
2672,2011-09-05,1,6,18,27,29,44,3,44,125,21,3 / 3,3 / 3,2,1,2,0,1
2671,2011-09-01,3,13,17,28,44,45,9,,150,25,3 / 3,4 / 2,1,2,1,0,2
2670,2011-08-29,10,11,12,16,36,38,39,10,123,21,4 / 2,1 / 5,1,3,0,2,0
2669,2011-08-25,1,5,7,10,22,26,15,,71,12,5 / 1,3 / 3,4,0,2,0,0
2668,2011-08-22,2,25,34,35,37,43,8,,176,29,1 / 5,4 / 2,1,0,1,3,1
2667,2011-08-18,3,7,18,26,29,30,43,37 / 30,113,19,3 / 3,3 / 3,2,1,3,0,0
2666,2011-08-15,3,7,27,30,41,45,9,,153,26,2 / 4,5 / 1,2,0,2,0,2
2665,2011-08-11,1,13,22,23,24,36,12,1 / 36,119,20,3 / 3,3 / 3,1,1,3,1,0
2664,2011-08-08,1,6,8,29,31,36,26,1,111,19,3 / 3,3 / 3,3,0,1,2,0
2663,2011-08-04,1,13,26,34,42,45,7,,161,27,2 / 4,3 / 3,1,1,1,1,2
2662,2011-08-01,17,20,21,22,24,30,16,,134,22,4 / 2,2 / 4,0,2,4,0,0
2661,2011-07-28,4,9,16,23,33,38,39,23,123,21,3 / 3,3 / 3,2,1,1,2,0
2660,2011-07-25,11,20,23,32,39,42,19,11 / 32,167,28,2 / 4,3 / 3,0,2,1,2,1
2659,2011-07-22,11,12,17,25,27,32,42,,124,21,3 / 3,4 / 2,0,3,2,1,0
2658,2011-07-18,6,14,19,20,28,39,16,,126,21,4 / 2,2 / 4,1,3,1,1,0
2657,2011-07-14,9,10,17,23,29,45,15,9,133,22,3 / 3,5 / 1,2,1,2,0,1
2656,2011-07-11,4,9,18,19,41,44,23,41 / 44,135,23,4 / 2,3 / 3,2,2,0,0,2
2655,2011-07-07,35,36,40,41,43,44,32,,239,40,0 / 6,3 / 3,0,0,0,3,3
2654,2011-07-04,11,13,19,33,37,42,17,,155,26,3 / 3,5 / 1,0,3,0,2,1
2653,2011-06-30,4,17,30,39,43,45,19,,178,30,2 / 4,4 / 2,1,1,1,1,2
2652,2011-06-27,10,13,18,27,33,44,38,,145,24,3 / 3,3 / 3,1,2,1,1,1
2651,2011-06-23,3,4,7,17,21,39,12,,91,15,5 / 1,5 / 1,3,1,1,1,0
2650,2011-06-20,2,11,14,22,32,40,42,40,121,20,4 / 2,1 / 5,1,2,1,2,0
2649,2011-06-16,10,17,29,30,40,42,26,17,168,28,2 / 4,2 / 4,1,1,2,1,1
2648,2011-06-13,17,18,24,27,41,43,12,17,170,28,2 / 4,4 / 2,0,2,2,0,2
2647,2011-06-09,8,9,17,28,29,31,26,8 / 28,122,20,3 / 3,4 / 2,2,1,2,1,0
2646,2011-06-06,2,8,13,21,28,37,24,2,109,18,4 / 2,3 / 3,2,1,2,1,0
2645,2011-06-02,1,2,3,15,31,42,10,,94,16,4 / 2,4 / 2,3,1,0,1,1
2644,2011-05-30,14,17,19,28,37,44,7,14 / 44,159,27,3 / 3,3 / 3,0,3,1,1,1
2643,2011-05-26,2,5,6,14,40,44,28,14,111,19,4 / 2,1 / 5,3,1,0,1,1
2642,2011-05-23,1,12,14,21,26,37,17,26,111,19,4 / 2,3 / 3,1,2,2,1,0
2641,2011-05-19,6,22,23,26,27,31,3,22 / 27,135,23,2 / 4,3 / 3,1,0,4,1,0
2640,2011-05-16,16,18,22,27,35,36,11,,154,26,3 / 3,2 / 4,0,2,2,2,0
2639,2011-05-12,7,19,23,26,29,31,38,19,135,23,2 / 4,5 / 1,1,1,3,1,0
2638,2011-05-09,6,14,16,19,39,42,26,,136,23,4 / 2,2 / 4,1,3,0,1,1
2637,2011-05-05,10,26,29,34,35,41,22,29 / 41,175,29,1 / 5,3 / 3,1,0,2,2,1
2636,2011-05-02,3,12,15,28,29,41,4,12 / 28,128,21,3 / 3,4 / 2,1,2,2,0,1
2635,2011-04-28,12,13,16,21,28,39,2,21,129,22,4 / 2,3 / 3,0,3,2,1,0
2634,2011-04-25,2,21,23,25,27,44,43,25,142,24,2 / 4,4 / 2,1,0,4,0,1
2633,2011-04-21,24,25,32,38,39,43,2,32,201,34,0 / 6,3 / 3,0,0,2,3,1
2632,2011-04-18,2,7,10,16,29,32,18,10 / 29,96,16,4 / 2,2 / 4,3,1,1,1,0
2631,2011-04-14,6,10,17,29,33,44,9,,139,23,3 / 3,3 / 3,2,1,1,1,1
2630,2011-04-11,9,15,27,28,30,40,12,28,149,25,2 / 4,3 / 3,1,1,3,1,0
2629,2011-04-07,16,22,23,25,28,43,37,22,157,26,2 / 4,3 / 3,0,1,4,0,1
2628,2011-04-04,3,4,9,22,35,45,44,39,118,20,4 / 2,4 / 2,3,0,1,1,1
2627,2011-03-31,3,9,13,14,27,34,7,,100,17,4 / 2,4 / 2,2,2,1,1,0
2626,2011-03-28,11,16,23,29,30,35,40,23,144,24,2 / 4,4 / 2,0,2,3,1,0
2625,2011-03-24,7,17,23,24,26,28,18,7,125,21,2 / 4,3 / 3,1,1,4,0,0
2624,2011-03-21,7,29,31,32,38,45,3,29,182,30,1 / 5,4 / 2,1,0,1,3,1
2623,2011-03-17,2,5,22,29,33,36,4,22,127,21,3 / 3,3 / 3,2,0,2,2,0
2622,2011-03-14,22,23,24,32,35,38,2,22 / 24,174,29,1 / 5,2 / 4,0,0,3,3,0
2621,2011-03-10,8,19,22,24,39,40,2,19,152,25,3 / 3,2 / 4,1,1,2,2,0
2620,2011-03-07,16,17,19,28,36,41,8,,157,26,3 / 3,3 / 3,0,3,1,1,1
2619,2011-03-03,1,6,10,31,32,45,43,,125,21,3 / 3,3 / 3,3,0,0,2,1
2618,2011-02-28,8,9,11,30,41,43,36,,142,24,3 / 3,4 / 2,2,1,1,0,2
2617,2011-02-24,7,10,13,17,36,45,16,7,128,21,4 / 2,4 / 2,2,2,0,1,1
2616,2011-02-21,6,7,16,20,28,30,26,20,107,18,4 / 2,1 / 5,2,2,2,0,0
2615,2011-02-18,18,20,27,34,35,41,1,,175,29,2 / 4,3 / 3,0,2,1,2,1
2614,2011-02-14,1,13,16,30,38,39,24,38,137,23,3 / 3,3 / 3,1,2,1,2,0
2613,2011-02-10,6,9,18,26,37,38,8,26,134,22,3 / 3,2 / 4,2,1,1,2,0
2612,2011-02-07,3,4,12,24,26,44,1,4 / 24 / 26,113,19,3 / 3,1 / 5,2,1,2,0,1
2611,2011-02-03,2,4,13,24,26,39,14,39,108,18,3 / 3,2 / 4,2,1,2,1,0
2610,2011-01-31,6,9,19,22,39,43,27,,138,23,4 / 2,4 / 2,2,1,1,1,1
2609,2011-01-28,5,17,18,20,24,38,7,,122,20,4 / 2,2 / 4,1,3,1,1,0
2608,2011-01-24,9,15,23,28,32,40,41,15 / 23 / 28,147,25,2 / 4,3 / 3,1,1,2,2,0
2607,2011-01-20,11,14,15,23,24,28,2,,115,19,3 / 3,3 / 3,0,3,3,0,0
2606,2011-01-17,17,22,32,36,41,45,4,36 / 41,193,32,2 / 4,3 / 3,0,1,1,2,2
2605,2011-01-13,6,7,23,34,36,41,10,,147,25,2 / 4,3 / 3,2,0,1,2,1
2604,2011-01-10,4,9,20,27,28,29,16,9,117,20,3 / 3,3 / 3,2,1,3,0,0
2603,2011-01-06,9,12,25,30,31,34,27,30,141,24,2 / 4,3 / 3,1,1,2,2,0
2602,2011-01-03,5,6,18,21,23,30,37,6 / 21,103,17,4 / 2,3 / 3,2,1,3,0,0
2601,2010-12-30,6,10,15,21,22,32,30,,106,18,5 / 1,2 / 4,2,1,2,1,0
2600,2010-12-27,4,7,9,11,14,20,16,11,65,11,6 / 0,3 / 3,3,3,0,0,0
2599,2010-12-23,10,11,15,21,39,44,38,,140,23,4 / 2,4 / 2,1,2,1,1,1
2598,2010-12-20,6,13,20,30,31,32,5,6 / 30,132,22,3 / 3,2 / 4,1,2,1,2,0
2597,2010-12-16,6,30,35,36,41,45,26,6,193,32,1 / 5,3 / 3,1,0,1,2,2
2596,2010-12-13,6,12,17,27,34,43,9,43,139,23,3 / 3,3 / 3,1,2,1,1,1
2595,2010-12-09,11,26,30,32,41,43,40,11,183,31,1 / 5,3 / 3,0,1,2,1,2
2594,2010-12-06,1,6,11,20,24,34,2,24,96,16,4 / 2,2 / 4,2,2,1,1,0
2593,2010-12-02,4,7,24,25,35,36,13,,131,22,2 / 4,3 / 3,2,0,2,2,0
2592,2010-11-29,11,13,17,23,39,40,4,11 / 23,143,24,3 / 3,5 / 1,0,3,1,2,0
2591,2010-11-25,9,11,14,23,33,35,15,,125,21,3 / 3,5 / 1,1,2,1,2,0
2590,2010-11-22,8,12,13,21,27,38,45,,119,20,4 / 2,3 / 3,1,2,2,1,0
2589,2010-11-18,3,7,10,31,36,43,25,3,130,22,3 / 3,4 / 2,3,0,0,2,1
2588,2010-11-15,3,8,29,32,35,39,24,39,146,24,2 / 4,4 / 2,2,0,1,3,0
2587,2010-11-11,10,20,27,34,39,45,25,20 / 34 / 39,175,29,2 / 4,3 / 3,1,1,1,2,1
2586,2010-11-08,13,17,18,20,34,39,14,17,141,24,4 / 2,3 / 3,0,4,0,2,0
2585,2010-11-04,6,9,11,17,41,43,27,,127,21,4 / 2,5 / 1,2,2,0,0,2
2584,2010-11-01,18,19,21,27,30,34,37,,149,25,3 / 3,3 / 3,0,2,3,1,0
2583,2010-10-28,2,13,22,32,33,38,1,2,140,23,3 / 3,2 / 4,1,1,1,3,0
2582,2010-10-25,2,7,9,18,31,45,4,7 / 18,112,19,4 / 2,4 / 2,3,1,0,1,1
2581,2010-10-21,7,15,17,18,25,27,2,,109,18,4 / 2,5 / 1,1,3,2,0,0
2580,2010-10-18,3,9,11,28,36,42,10,,129,22,3 / 3,3 / 3,2,1,1,1,1
2579,2010-10-14,8,14,25,31,40,41,29,,159,27,2 / 4,3 / 3,1,1,1,2,1
2578,2010-10-11,2,5,18,23,24,36,17,23,108,18,3 / 3,2 / 4,2,1,2,1,0
2577,2010-10-07,9,17,22,23,35,41,44,,147,25,3 / 3,5 / 1,1,1,2,1,1
2576,2010-10-04,7,10,13,16,18,19,35,16,83,14,6 / 0,3 / 3,2,4,0,0,0
2575,2010-09-30,8,16,17,25,26,43,45,16,135,23,3 / 3,3 / 3,1,2,2,0,1
2574,2010-09-27,1,16,32,34,35,42,22,1,160,27,2 / 4,2 / 4,1,1,0,3,1
2573,2010-09-23,1,3,11,13,19,37,29,,84,14,5 / 1,6 / 0,2,3,0,1,0
2572,2010-09-20,10,23,28,34,38,42,32,,175,29,1 / 5,1 / 5,1,0,2,2,1
2571,2010-09-16,1,3,17,24,29,45,8,3,119,20,3 / 3,5 / 1,2,1,2,0,1
2570,2010-09-13,3,6,15,25,28,43,44,,120,20,3 / 3,4 / 2,2,1,2,0,1
2569,2010-09-09,2,18,21,22,32,40,34,22,135,23,4 / 2,1 / 5,1,1,2,2,0
2568,2010-09-06,7,12,13,22,28,29,16,7 / 12,111,19,4 / 2,3 / 3,1,2,3,0,0
2567,2010-09-02,7,12,17,18,25,27,1,12,106,18,4 / 2,4 / 2,1,3,2,0,0
2566,2010-08-30,12,16,21,29,34,40,38,34,152,25,3 / 3,2 / 4,0,2,2,2,0
2565,2010-08-26,3,28,32,34,43,45,37,43,185,31,1 / 5,3 / 3,1,0,1,2,2
2564,2010-08-23,7,9,29,37,40,43,11,43,165,28,2 / 4,5 / 1,2,0,1,2,1
2563,2010-08-19,8,19,30,31,33,43,32,43,164,27,2 / 4,4 / 2,1,1,1,2,1
2562,2010-08-16,4,12,13,15,29,43,41,12 / 29,116,19,4 / 2,4 / 2,1,3,1,0,1
2561,2010-08-12,5,12,23,26,29,31,19,,126,21,2 / 4,4 / 2,1,1,3,1,0
2560,2010-08-09,11,15,16,36,38,43,40,,159,27,3 / 3,3 / 3,0,3,0,2,1
2559,2010-08-05,6,10,12,22,23,40,25,10,113,19,4 / 2,1 / 5,2,1,2,1,0
2558,2010-08-02,2,4,7,10,29,43,25,7,95,16,4 / 2,3 / 3,4,0,1,0,1
2557,2010-07-29,6,7,11,23,42,44,38,7,133,22,3 / 3,3 / 3,2,1,1,0,2
2556,2010-07-26,7,9,21,28,30,41,37,,136,23,3 / 3,4 / 2,2,0,3,0,1
2555,2010-07-23,12,14,16,23,29,40,21,,134,22,3 / 3,2 / 4,0,3,2,1,0
2554,2010-07-19,3,4,5,10,19,35,9,10,76,13,5 / 1,4 / 2,4,1,0,1,0
2553,2010-07-15,10,17,20,23,25,31,33,,126,21,3 / 3,4 / 2,1,2,2,1,0
2552,2010-07-12,3,4,14,18,26,42,33,3,107,18,4 / 2,1 / 5,2,2,1,0,1
2551,2010-07-08,3,6,9,23,38,39,14,,118,20,3 / 3,4 / 2,3,0,1,2,0
2550,2010-07-05,7,10,29,30,34,41,17,,151,25,2 / 4,3 / 3,2,0,2,1,1
2549,2010-07-01,14,22,25,36,43,44,29,,184,31,2 / 4,2 / 4,0,1,2,1,2
2548,2010-06-28,5,8,17,27,32,34,22,,123,21,3 / 3,3 / 3,2,1,1,2,0
2547,2010-06-24,2,4,13,22,25,39,1,,105,18,4 / 2,3 / 3,2,1,2,1,0
2546,2010-06-21,10,14,16,19,37,41,1,14,137,23,4 / 2,3 / 3,1,3,0,1,1
2545,2010-06-17,13,14,15,20,38,45,35,13 / 14 / 15,145,24,4 / 2,3 / 3,0,4,0,1,1
2544,2010-06-14,7,13,14,15,18,44,28,44,111,19,5 / 1,3 / 3,1,4,0,0,1
2543,2010-06-10,20,31,35,40,43,44,17,,213,36,1 / 5,3 / 3,0,1,0,3,2
2542,2010-06-07,1,8,13,17,22,33,25,33,94,16,5 / 1,4 / 2,2,2,1,1,0
2541,2010-06-03,18,24,26,30,32,33,3,,163,27,1 / 5,1 / 5,0,1,3,2,0
2540,2010-05-31,6,7,9,12,13,44,28,12,91,15,5 / 1,3 / 3,3,2,0,0,1
2539,2010-05-27,1,5,11,12,33,38,20,33,100,17,4 / 2,4 / 2,2,2,0,2,0
2538,2010-05-24,8,19,22,23,28,33,13,8,133,22,3 / 3,3 / 3,1,1,3,1,0
2537,2010-05-20,8,12,27,31,36,40,30,31,154,26,2 / 4,2 / 4,1,1,1,3,0
2536,2010-05-17,6,16,22,23,31,33,20,23,131,22,3 / 3,3 / 3,1,1,2,2,0
2535,2010-05-14,5,12,23,37,38,43,41,12,158,26,2 / 4,4 / 2,1,1,1,2,1
2534,2010-05-10,1,12,16,18,34,36,41,,117,20,4 / 2,1 / 5,1,3,0,2,0
2533,2010-05-06,4,8,33,42,44,45,19,42 / 45,176,29,2 / 4,2 / 4,2,0,0,1,3
2532,2010-05-03,1,6,19,25,42,45,8,,138,23,3 / 3,4 / 2,2,1,1,0,2
2531,2010-04-29,12,20,23,30,31,41,38,23,157,26,2 / 4,3 / 3,0,2,2,1,1
2530,2010-04-26,7,14,23,32,36,44,31,,156,26,2 / 4,2 / 4,1,1,1,2,1
2529,2010-04-22,9,26,30,31,35,43,45,9 / 43,174,29,1 / 5,4 / 2,1,0,2,2,1
2528,2010-04-19,9,23,32,38,39,43,1,23 / 38 / 43,184,31,1 / 5,4 / 2,1,0,1,3,1
2527,2010-04-15,12,13,23,26,38,43,25,,155,26,2 / 4,3 / 3,0,2,2,1,1
2526,2010-04-12,5,10,28,33,36,39,16,5,151,25,2 / 4,3 / 3,2,0,1,3,0
2525,2010-04-08,5,9,14,22,24,29,26,9,103,17,4 / 2,3 / 3,2,1,3,0,0
2524,2010-04-05,9,13,21,31,37,39,3,,150,25,3 / 3,6 / 0,1,1,1,3,0
2523,2010-04-01,4,5,6,18,28,30,21,18 / 30,91,15,4 / 2,1 / 5,3,1,2,0,0
2522,2010-03-29,2,18,30,41,43,44,14,,178,30,2 / 4,2 / 4,1,1,1,0,3
2521,2010-03-25,10,13,24,29,33,42,31,29,151,25,2 / 4,3 / 3,1,1,2,1,1
2520,2010-03-22,9,12,16,23,29,31,10,31,120,20,3 / 3,4 / 2,1,2,2,1,0
2519,2010-03-18,1,4,6,30,31,32,8,31 / 32,104,17,3 / 3,2 / 4,3,0,1,2,0
2518,2010-03-15,7,28,31,32,39,42,9,42,179,30,1 / 5,3 / 3,1,0,1,3,1
2517,2010-03-11,6,10,11,13,15,42,33,13,97,16,5 / 1,3 / 3,2,3,0,0,1
2516,2010-03-08,3,13,21,22,24,36,40,,119,20,4 / 2,3 / 3,1,1,3,1,0
2515,2010-03-04,4,14,23,27,43,45,24,23 / 27,156,26,2 / 4,4 / 2,1,1,2,0,2
2514,2010-03-01,23,25,27,31,40,42,20,,188,31,0 / 6,4 / 2,0,0,3,2,1
2513,2010-02-26,4,17,22,26,34,37,43,37,140,23,3 / 3,2 / 4,1,1,2,2,0
2512,2010-02-22,9,18,25,37,40,43,30,9 / 37,172,29,2 / 4,4 / 2,1,1,1,2,1
2511,2010-02-18,6,9,29,30,31,37,26,29,142,24,2 / 4,4 / 2,2,0,2,2,0
2510,2010-02-15,4,24,28,29,35,42,34,42,162,27,1 / 5,2 / 4,1,0,3,1,1
2509,2010-02-11,1,2,14,31,42,43,3,14,133,22,3 / 3,3 / 3,2,1,0,1,2
2508,2010-02-08,9,14,15,27,29,32,12,29 / 32,126,21,3 / 3,4 / 2,1,2,2,1,0
2507,2010-02-04,24,28,29,32,39,44,12,32,196,33,0 / 6,2 / 4,0,0,3,2,1
2506,2010-02-01,3,5,15,23,32,42,30,,120,20,3 / 3,4 / 2,2,1,1,1,1
2505,2010-01-28,6,8,11,18,21,30,41,8,94,16,5 / 1,2 / 4,2,2,2,0,0
2504,2010-01-25,1,8,14,17,36,42,15,17,118,20,4 / 2,2 / 4,2,2,0,1,1
2503,2010-01-21,15,17,20,38,39,44,6,,173,29,3 / 3,3 / 3,0,3,0,2,1
2502,2010-01-18,1,16,22,24,25,36,13,36,124,21,3 / 3,2 / 4,1,1,3,1,0
2501,2010-01-14,3,26,31,34,36,41,42,26 / 41,171,29,1 / 5,3 / 3,1,0,1,3,1
2500,2010-01-11,6,26,29,30,39,41,12,6,171,29,1 / 5,3 / 3,1,0,3,1,1
2499,2010-01-07,5,6,22,34,42,45,35,,154,26,3 / 3,2 / 4,2,0,1,1,2
2498,2010-01-04,11,16,20,27,30,41,26,,145,24,3 / 3,3 / 3,0,3,2,0,1
2497,2009-12-31,7,8,35,36,39,44,37,36,169,28,2 / 4,3 / 3,2,0,0,3,1
2496,2009-12-28,9,24,33,36,37,40,44,9,179,30,1 / 5,3 / 3,1,0,1,4,0
2495,2009-12-24,5,9,11,26,27,29,2,,107,18,3 / 3,5 / 1,2,1,3,0,0
2494,2009-12-21,4,8,16,17,38,42,12,,125,21,4 / 2,1 / 5,2,2,0,1,1
2493,2009-12-17,3,7,11,31,34,41,22,,127,21,3 / 3,5 / 1,2,1,0,2,1
2492,2009-12-14,2,8,14,20,21,37,3,8 / 21,102,17,5 / 1,2 / 4,2,2,1,1,0
2491,2009-12-10,8,10,13,21,25,45,26,13 / 45,122,20,4 / 2,4 / 2,2,1,2,0,1
2490,2009-12-07,4,13,22,27,39,45,21,13,150,25,3 / 3,4 / 2,1,1,2,1,1
2489,2009-12-03,1,8,10,12,13,14,15,1,58,10,6 / 0,2 / 4,3,3,0,0,0
2488,2009-11-30,1,17,22,35,44,45,36,17,164,27,3 / 3,4 / 2,1,1,1,1,2
2487,2009-11-26,5,11,12,17,20,30,43,20 / 30,95,16,5 / 1,3 / 3,1,4,1,0,0
2486,2009-11-23,1,20,21,22,29,30,38,22,123,21,4 / 2,3 / 3,1,1,4,0,0
2485,2009-11-19,10,22,33,37,44,45,15,33,191,32,2 / 4,3 / 3,1,0,1,2,2
2484,2009-11-16,20,24,31,33,34,41,25,20 / 41,183,31,1 / 5,3 / 3,0,1,1,3,1
2483,2009-11-12,16,20,26,29,40,41,18,,172,29,2 / 4,2 / 4,0,2,2,1,1
2482,2009-11-09,6,7,18,28,32,35,42,,126,21,3 / 3,2 / 4,2,1,1,2,0
2481,2009-11-05,5,13,23,25,27,37,4,23 / 37,130,22,2 / 4,6 / 0,1,1,3,1,0
2480,2009-11-02,16,22,23,31,37,39,18,,168,28,2 / 4,4 / 2,0,1,2,3,0
2479,2009-10-29,1,6,25,28,29,32,24,28 / 29 / 32,121,20,2 / 4,3 / 3,2,0,3,1,0
2478,2009-10-26,2,19,23,28,29,32,25,,133,22,2 / 4,3 / 3,1,1,3,1,0
2477,2009-10-22,13,31,34,35,40,43,1,34,196,33,1 / 5,4 / 2,0,1,0,4,1
2476,2009-10-19,5,21,22,34,36,41,9,22 / 36,159,27,3 / 3,3 / 3,1,0,2,2,1
2475,2009-10-15,7,22,23,36,37,45,31,22,170,28,2 / 4,4 / 2,1,0,2,2,1
2474,2009-10-12,1,16,20,22,27,31,38,31,117,20,4 / 2,3 / 3,1,2,2,1,0
2473,2009-10-08,11,13,18,21,30,31,34,21 / 30,124,21,4 / 2,4 / 2,0,3,2,1,0
2472,2009-10-05,10,14,21,30,39,44,8,10,158,26,3 / 3,2 / 4,1,1,2,1,1
2471,2009-10-01,7,10,31,33,43,45,22,45,169,28,2 / 4,5 / 1,2,0,0,2,2
2470,2009-09-28,4,6,16,21,40,45,10,4,132,22,4 / 2,2 / 4,2,1,1,1,1
2469,2009-09-25,2,4,22,29,31,39,37,,127,21,3 / 3,3 / 3,2,0,2,2,0
2468,2009-09-21,3,8,12,19,34,40,22,8,116,19,4 / 2,2 / 4,2,2,0,2,0
2467,2009-09-17,1,8,10,29,36,38,34,10,122,20,3 / 3,2 / 4,3,0,1,2,0
2466,2009-09-14,2,10,12,18,21,39,35,2,102,17,5 / 1,2 / 4,2,2,1,1,0
2465,2009-09-10,2,25,29,36,37,40,19,37,169,28,1 / 5,3 / 3,1,0,2,3,0
2464,2009-09-07,1,5,15,33,34,37,28,33,125,21,3 / 3,5 / 1,2,1,0,3,0
2463,2009-09-03,2,6,25,30,31,33,44,2,127,21,2 / 4,3 / 3,2,0,2,2,0
2462,2009-08-31,2,10,17,27,40,42,11,,138,23,3 / 3,2 / 4,2,1,1,1,1
2461,2009-08-27,6,7,9,19,32,41,8,67,114,19,4 / 2,4 / 2,3,1,0,1,1
2460,2009-08-24,6,7,8,10,12,13,26,10 / 12 / 13,56,9,6 / 0,2 / 4,4,2,0,0,0
2459,2009-08-20,3,10,12,13,16,29,17,13 / 29,83,14,5 / 1,3 / 3,2,3,1,0,0
2458,2009-08-17,1,13,22,29,43,45,17,1,153,26,3 / 3,5 / 1,1,1,2,0,2
2457,2009-08-13,1,23,37,38,39,42,40,23,180,30,1 / 5,4 / 2,1,0,1,3,1
2456,2009-08-10,15,20,22,23,29,33,28,,142,24,3 / 3,4 / 2,0,2,3,1,0
2455,2009-08-06,1,6,7,8,19,31,33,31,72,12,5 / 1,4 / 2,4,1,0,1,0
2454,2009-08-03,11,21,23,31,33,44,6,,163,27,2 / 4,5 / 1,0,1,2,2,1
2453,2009-07-30,1,8,12,22,24,35,45,,102,17,4 / 2,2 / 4,2,1,2,1,0
2452,2009-07-27,4,11,32,36,39,42,12,32,164,27,2 / 4,2 / 4,1,1,0,3,1
2451,2009-07-23,15,24,25,32,33,44,29,,173,29,1 / 5,3 / 3,0,1,2,2,1
2450,2009-07-20,12,26,28,37,38,39,1,39,180,30,1 / 5,2 / 4,0,1,2,3,0
2449,2009-07-16,10,20,30,31,39,45,6,,175,29,2 / 4,3 / 3,1,1,1,2,1
2448,2009-07-13,25,26,32,36,42,43,3,32,204,34,0 / 6,2 / 4,0,0,2,2,2
2447,2009-07-09,11,13,21,32,35,44,18,32,156,26,3 / 3,4 / 2,0,2,1,2,1
2446,2009-07-06,14,16,17,29,32,34,45,14,142,24,3 / 3,2 / 4,0,3,1,2,0
2445,2009-07-02,1,3,5,14,15,25,16,,63,11,5 / 1,5 / 1,3,2,1,0,0
2444,2009-06-29,7,10,22,24,29,30,4,,122,20,3 / 3,2 / 4,2,0,4,0,0
2443,2009-06-25,5,18,23,34,37,40,12,5,157,26,2 / 4,3 / 3,1,1,1,3,0
2442,2009-06-22,5,11,16,19,28,31,14,,110,18,4 / 2,4 / 2,1,3,1,1,0
2441,2009-06-18,21,22,23,29,34,36,20,23,165,28,2 / 4,3 / 3,0,0,4,2,0
2440,2009-06-15,1,20,23,27,35,41,5,23 / 35,147,25,2 / 4,5 / 1,1,1,2,1,1
2439,2009-06-11,2,16,23,35,40,42,17,40 / 42,158,26,2 / 4,2 / 4,1,1,1,2,1
2438,2009-06-08,10,12,17,24,40,42,7,24,145,24,3 / 3,1 / 5,1,2,1,1,1
2437,2009-06-04,3,22,24,28,29,32,37,24,138,23,2 / 4,2 / 4,1,0,4,1,0
2436,2009-06-01,4,24,26,30,31,38,41,4 / 31,153,26,1 / 5,1 / 5,1,0,3,2,0
2435,2009-05-28,2,4,19,21,22,31,8,21,99,17,5 / 1,3 / 3,2,1,2,1,0
2434,2009-05-25,7,8,21,26,30,45,15,30,137,23,3 / 3,3 / 3,2,0,3,0,1
2433,2009-05-22,12,16,23,24,30,31,25,16 / 31,136,23,2 / 4,2 / 4,0,2,3,1,0
2432,2009-05-18,13,16,27,31,35,45,32,,167,28,2 / 4,5 / 1,0,2,1,2,1
2431,2009-05-14,9,12,17,28,29,30,32,,125,21,3 / 3,3 / 3,1,2,3,0,0
2430,2009-05-11,3,11,14,24,26,37,33,,115,19,3 / 3,3 / 3,1,2,2,1,0
2429,2009-05-07,5,17,29,31,42,45,10,42,169,28,2 / 4,5 / 1,1,1,1,1,2
2428,2009-05-04,2,3,4,13,16,42,35,,80,13,5 / 1,2 / 4,3,2,0,0,1
2427,2009-04-30,9,15,18,29,41,43,1,,155,26,3 / 3,5 / 1,1,2,1,0,2
2426,2009-04-27,8,20,30,31,37,38,9,30,164,27,2 / 4,2 / 4,1,1,1,3,0
2425,2009-04-23,4,18,27,30,32,42,15,4 / 18,153,26,2 / 4,1 / 5,1,1,2,1,1
2424,2009-04-20,4,15,18,20,41,43,17,18,141,24,4 / 2,3 / 3,1,3,0,0,2
2423,2009-04-16,7,16,18,31,34,42,10,18,148,25,3 / 3,2 / 4,1,2,0,2,1
2422,2009-04-13,17,18,23,24,29,30,38,,141,24,2 / 4,3 / 3,0,2,4,0,0
2421,2009-04-09,20,26,34,36,37,39,29,26 / 34,192,32,1 / 5,2 / 4,0,1,1,4,0
2420,2009-04-06,7,15,26,28,34,40,19,34,150,25,2 / 4,2 / 4,1,1,2,2,0
2419,2009-04-02,17,20,22,31,34,45,6,20,169,28,3 / 3,3 / 3,0,2,1,2,1
2418,2009-03-30,4,6,20,21,32,44,18,21 / 32,127,21,4 / 2,1 / 5,2,1,1,1,1
2417,2009-03-26,14,21,23,32,36,40,8,14,166,28,2 / 4,2 / 4,0,1,2,3,0
2416,2009-03-23,8,14,20,30,38,45,17,,155,26,3 / 3,1 / 5,1,2,1,1,1
2415,2009-03-19,16,26,29,31,40,44,14,16,186,31,1 / 5,2 / 4,0,1,2,2,1
2414,2009-03-16,2,15,16,24,33,42,39,16,132,22,3 / 3,2 / 4,1,2,1,1,1
2413,2009-03-12,4,16,22,31,36,40,20,4 / 31,149,25,3 / 3,1 / 5,1,1,1,3,0
2412,2009-03-09,3,4,10,12,30,31,9,,90,15,4 / 2,2 / 4,3,1,1,1,0
2411,2009-03-05,5,6,22,33,34,45,44,22 / 45,145,24,3 / 3,3 / 3,2,0,1,2,1
2410,2009-03-02,1,19,22,28,32,45,13,32,147,25,3 / 3,3 / 3,1,1,2,1,1
2409,2009-02-26,6,10,13,32,33,35,15,,129,22,3 / 3,3 / 3,2,1,0,3,0
2408,2009-02-23,2,5,9,11,14,27,19,9 / 14,68,11,5 / 1,4 / 2,3,2,1,0,0
2407,2009-02-19,9,14,33,34,39,44,35,9,173,29,2 / 4,3 / 3,1,1,0,3,1
2406,2009-02-16,4,9,21,25,41,45,37,,145,24,3 / 3,5 / 1,2,0,2,0,2
2405,2009-02-12,2,11,17,24,30,36,45,24,120,20,3 / 3,2 / 4,1,2,2,1,0
2404,2009-02-09,5,10,20,24,29,31,36,,119,20,3 / 3,3 / 3,2,1,2,1,0
2403,2009-02-06,6,14,15,28,37,43,24,43,143,24,3 / 3,3 / 3,1,2,1,1,1
2402,2009-02-02,5,13,16,27,41,43,7,13 / 16,145,24,3 / 3,5 / 1,1,2,1,0,2
2401,2009-01-29,3,13,16,22,31,32,43,3 / 16,117,20,4 / 2,3 / 3,1,2,1,2,0
2400,2009-01-26,3,4,11,16,41,44,1,,119,20,4 / 2,3 / 3,2,2,0,0,2
2399,2009-01-22,15,20,29,33,39,43,44,,179,30,2 / 4,5 / 1,0,2,1,2,1
2398,2009-01-19,3,8,25,30,31,45,21,,142,24,2 / 4,4 / 2,2,0,2,1,1
2397,2009-01-15,5,15,18,19,33,43,30,5 / 15,133,22,4 / 2,5 / 1,1,3,0,1,1
2396,2009-01-12,2,5,6,15,28,36,16,6 / 28,92,15,4 / 2,2 / 4,3,1,1,1,0
2395,2009-01-08,6,21,23,28,30,34,39,6,142,24,2 / 4,2 / 4,1,0,4,1,0
2394,2009-01-05,4,6,8,18,27,44,13,4 / 27,107,18,4 / 2,1 / 5,3,1,1,0,1
2393,2009-01-01,3,4,12,22,27,39,37,3 / 27,107,18,4 / 2,3 / 3,2,1,2,1,0
2392,2008-12-29,2,3,14,25,27,38,1,3,109,18,3 / 3,3 / 3,2,1,2,1,0
2391,2008-12-25,3,4,17,28,34,41,33,34,127,21,3 / 3,3 / 3,2,1,1,1,1
2390,2008-12-22,10,12,16,26,33,34,29,,131,22,3 / 3,1 / 5,1,2,1,2,0
2389,2008-12-18,1,2,6,17,18,21,10,17,65,11,6 / 0,3 / 3,3,2,1,0,0
2388,2008-12-15,17,19,28,30,32,36,29,28,162,27,2 / 4,2 / 4,0,2,2,2,0
2387,2008-12-11,2,4,6,28,42,43,39,,125,21,3 / 3,1 / 5,3,0,1,0,2
2386,2008-12-08,13,15,18,22,37,45,35,,150,25,4 / 2,4 / 2,0,3,1,1,1
2385,2008-12-04,2,9,34,39,42,43,26,,169,28,2 / 4,3 / 3,2,0,0,2,2
2384,2008-12-01,4,5,13,16,23,26,30,,87,15,4 / 2,3 / 3,2,2,2,0,0
2383,2008-11-27,9,17,18,25,41,45,29,,155,26,3 / 3,5 / 1,1,2,1,0,2
2382,2008-11-24,1,12,19,22,33,37,21,,124,21,4 / 2,4 / 2,1,2,1,2,0
2381,2008-11-20,18,24,28,29,31,38,17,24,168,28,1 / 5,2 / 4,0,1,3,2,0
2380,2008-11-17,8,17,24,30,42,43,18,,164,27,2 / 4,2 / 4,1,1,2,0,2
2379,2008-11-13,5,12,15,20,29,36,19,12 / 36,117,20,4 / 2,3 / 3,1,3,1,1,0
2378,2008-11-10,3,8,12,14,36,40,24,,113,19,4 / 2,1 / 5,2,2,0,2,0
2377,2008-11-06,13,24,26,27,32,35,21,35,157,26,1 / 5,3 / 3,0,1,3,2,0
2376,2008-11-03,1,6,31,35,40,42,44,1 / 35,155,26,2 / 4,3 / 3,2,0,0,3,1
2375,2008-10-30,1,9,17,23,35,38,34,1,123,21,3 / 3,5 / 1,2,1,1,2,0
2374,2008-10-27,1,3,6,7,26,39,18,39,82,14,4 / 2,4 / 2,4,0,1,1,0
2373,2008-10-23,5,11,18,24,39,41,45,18,138,23,3 / 3,4 / 2,1,2,1,1,1
2372,2008-10-20,12,16,18,23,25,35,41,23,129,22,3 / 3,3 / 3,0,3,2,1,0
2371,2008-10-16,17,23,24,38,40,44,26,23 / 24,186,31,1 / 5,2 / 4,0,1,2,2,1
2370,2008-10-13,9,23,24,25,30,41,14,,152,25,1 / 5,4 / 2,1,0,4,0,1
2369,2008-10-09,2,20,31,33,38,42,15,31 / 42,166,28,2 / 4,2 / 4,1,1,0,3,1
2368,2008-10-06,6,13,22,30,31,42,40,6,144,24,3 / 3,2 / 4,1,1,2,1,1
2367,2008-10-02,3,6,7,11,27,37,12,27,91,15,4 / 2,5 / 1,3,1,1,1,0
2366,2008-09-29,9,10,22,27,36,39,44,,143,24,3 / 3,3 / 3,2,0,2,2,0
2365,2008-09-25,1,15,17,26,38,42,21,,139,23,3 / 3,3 / 3,1,2,1,1,1
2364,2008-09-22,6,10,18,21,30,35,1,10,120,20,4 / 2,2 / 4,2,1,2,1,0
2363,2008-09-18,10,23,31,37,38,41,20,,180,30,1 / 5,4 / 2,1,0,1,3,1
2362,2008-09-15,11,12,13,21,25,32,2,,114,19,4 / 2,4 / 2,0,3,2,1,0
2361,2008-09-11,8,10,20,23,40,41,38,8 / 20 / 41,142,24,3 / 3,2 / 4,2,1,1,1,1
2360,2008-09-08,8,17,20,39,41,44,43,8 / 39,169,28,3 / 3,3 / 3,1,2,0,1,2
2359,2008-09-04,8,25,33,39,40,45,43,39,190,32,1 / 5,4 / 2,1,0,1,3,1
2358,2008-09-01,5,14,29,34,37,39,30,,158,26,2 / 4,4 / 2,1,1,1,3,0
2357,2008-08-28,2,11,16,32,44,45,6,,150,25,3 / 3,2 / 4,1,2,0,1,2
2356,2008-08-25,6,8,12,15,33,37,36,,111,19,4 / 2,3 / 3,2,2,0,2,0
2355,2008-08-21,5,9,19,30,41,45,22,,149,25,3 / 3,5 / 1,2,1,1,0,2
2354,2008-08-18,4,6,18,22,27,29,26,6,106,18,4 / 2,2 / 4,2,1,3,0,0
2353,2008-08-14,6,7,28,36,38,45,37,,160,27,2 / 4,2 / 4,2,0,1,2,1
2352,2008-08-11,3,11,15,23,31,42,7,,125,21,3 / 3,5 / 1,1,2,1,1,1
2351,2008-08-08,14,17,19,21,25,38,34,,134,22,4 / 2,4 / 2,0,3,2,1,0
2350,2008-08-04,4,10,12,20,42,43,24,10,131,22,4 / 2,1 / 5,2,2,0,0,2
2349,2008-07-31,9,10,14,18,30,34,11,,115,19,4 / 2,1 / 5,2,2,1,1,0
2348,2008-07-28,4,16,21,26,31,37,24,21,135,23,3 / 3,3 / 3,1,1,2,2,0
2347,2008-07-24,2,5,9,20,21,42,15,5,99,17,5 / 1,3 / 3,3,1,1,0,1
2346,2008-07-21,5,13,25,27,40,44,2,5 / 25 / 27,154,26,2 / 4,4 / 2,1,1,2,1,1
2345,2008-07-17,5,10,25,27,36,39,40,5,142,24,2 / 4,4 / 2,2,0,2,2,0
2344,2008-07-14,5,12,17,18,38,40,22,,130,22,4 / 2,2 / 4,1,3,0,2,0
2343,2008-07-10,22,32,41,42,43,44,31,,224,37,1 / 5,2 / 4,0,0,1,1,4
2342,2008-07-07,2,18,19,21,39,45,36,45,144,24,4 / 2,4 / 2,1,2,1,1,1
2341,2008-07-03,6,11,14,15,28,45,35,,119,20,4 / 2,3 / 3,1,3,1,0,1
